doc_id,gt_bucket,question,ground_truth,pred_p75,pred_p90,mra_p75,mra_p90,delta_mra,outcome,trigger_reason,skew,accepted_candidate_mean,det_score_mean,verifier_reject_ratio,selected_count,selected_span,total_pc_min,total_pc_ratio,best_tiebreak_quantile,best_mra_quantiles
228,<1m,"Measuring from the closest point of each object, what is the distance between the table and the bathtub (in meters)?",0.9,1.3322672096934556,1.6871405034254006,0.1,0.0,0.1,benefit,skew,8.888330533820913,2.8666666666666667,0.6497987061738968,0.0625,13.0,62.0,1610.0,0.875,median,median
229,<1m,"Measuring from the closest point of each object, what is the distance between the toilet and the table (in meters)?",0.7,0.5519740524299934,1.926943652679971,0.6,0.0,0.6,benefit,skew,39.48237217190552,2.125,0.6535747860159192,0.0,12.0,60.0,1380.0,0.75,p75,p75
233,1-3m,"Measuring from the closest point of each object, what is the distance between the table and the sofa (in meters)?",1.4,1.3968684532154843,1.4938140259509638,1.0,0.9,0.09999999999999998,benefit,accepted_candidate_mean,1.9373296866426784,3.2,0.7906129856904348,0.0,9.0,40.0,690.0,1.0,p75,p75
235,<1m,"Measuring from the closest point of each object, what is the distance between the fireplace and the sofa (in meters)?",0.4,1.238358444256398,1.355346643364713,0.0,0.0,0.0,tie,accepted_candidate_mean,1.9270065694084375,3.2222222222222223,0.609004944562912,0.0,10.0,42.0,920.0,1.0,p05,p05
237,>=3m,"Measuring from the closest point of each object, what is the distance between the fireplace and the chair (in meters)?",3.6,1.9874465113218331,2.0994757515197997,0.2,0.2,0.0,tie,accepted_candidate_mean,0.7612325849222533,3.6,0.5179079960693013,0.0,11.0,37.0,1150.0,0.8333333333333334,p90,p75|p90
247,1-3m,"Measuring from the closest point of each object, what is the distance between the toilet and the bed (in meters)?",2.9,0.7455725334876618,0.8716947051015643,0.0,0.0,0.0,tie,accepted_candidate_mean,2.34801429590122,3.8461538461538463,0.6341962516307831,0.05555555555555555,14.0,58.0,1840.0,0.8888888888888888,p90,min|p05|p10|p25|median|p75|p90
254,>=3m,"Measuring from the closest point of each object, what is the distance between the stool and the table (in meters)?",3.5,1.527353185105699,1.760985734997115,0.0,0.1,-0.1,harm,accepted_candidate_mean,2.5155429981183133,3.1666666666666665,0.5245155692100525,0.07142857142857142,10.0,30.0,1150.0,0.8333333333333334,p90,p90
255,>=3m,"Measuring from the closest point of each object, what is the distance between the refrigerator and the table (in meters)?",5.2,1.826643825109266,2.0967209106031586,0.0,0.0,0.0,tie,skew,11.241385493591235,2.0,0.4675002694129944,0.0,9.0,41.0,690.0,0.5994787141615986,p90,min|p05|p10|p25|median|p75|p90
256,1-3m,"Measuring from the closest point of each object, what is the distance between the refrigerator and the stool (in meters)?",1.0,1.794533122611381,1.8996682507679916,0.0,0.0,0.0,tie,skew,12.427692253062794,2.5384615384615383,0.5128839382758508,0.0,11.0,41.0,1150.0,0.625,median,median
260,1-3m,"Measuring from the closest point of each object, what is the distance between the stool and the bed (in meters)?",1.0,0.7331736956586219,0.8853292936267525,0.5,0.8,-0.30000000000000004,harm,accepted_candidate_mean,1.919193679361926,3.1666666666666665,0.5741548695985008,0.058823529411764705,14.0,38.0,1610.0,0.7777777777777778,p90,p90
262,1-3m,"Measuring from the closest point of each object, what is the distance between the stool and the bed (in meters)?",1.0,1.4255460779084228,2.6764756508361613,0.2,0.0,0.2,benefit,accepted_candidate_mean,7.3913935864475455,3.25,0.5704978433522311,0.0,11.0,51.0,1150.0,0.8333333333333334,median,median
266,<1m,"Measuring from the closest point of each object, what is the distance between the fireplace and the tv (in meters)?",0.9,0.7455223464203659,1.1781720388211183,0.7,0.4,0.29999999999999993,benefit,skew,11.237600625342417,1.8333333333333333,0.5769503315289816,0.1111111111111111,11.0,31.0,920.0,1.0,p75,p75
267,>=3m,"Measuring from the closest point of each object, what is the distance between the stove and the tv (in meters)?",9.4,2.25472536906921,2.3233680655165663,0.0,0.0,0.0,tie,skew,17.724981891881633,1.375,0.6061617583036423,0.16666666666666666,10.0,30.0,460.0,0.6666666666666666,p90,min|p05|p10|p25|median|p75|p90
278,>=3m,"Measuring from the closest point of each object, what is the distance between the tv and the sofa (in meters)?",4.1,1.2695773581924945,1.3814370883209226,0.0,0.0,0.0,tie,skew,35.777646946780564,1.95,0.5911718973746667,0.0,11.0,43.0,1380.0,0.8571428571428571,p90,min|p05|p10|p25|median|p75|p90
281,>=3m,"Measuring from the closest point of each object, what is the distance between the washer and the fireplace (in meters)?",4.9,0.653096826507924,1.246107664510355,0.0,0.0,0.0,tie,skew,19.07362167789079,2.25,0.5309560256344932,0.0,10.0,31.0,690.0,0.75,p90,min|p05|p10|p25|median|p75|p90
290,<1m,"Measuring from the closest point of each object, what is the distance between the stool and the table (in meters)?",0.8,0.757708912462335,0.8906411884287501,0.9,0.8,0.09999999999999998,benefit,accepted_candidate_mean,2.1012375762198103,3.4166666666666665,0.6637768149375916,0.0,14.0,46.0,2070.0,0.75,p75,p75
293,1-3m,"Measuring from the closest point of each object, what is the distance between the table and the fireplace (in meters)?",2.0,0.7147495169600921,0.8229662846508918,0.0,0.0,0.0,tie,accepted_candidate_mean,2.7184606693914066,3.6363636363636362,0.5562649236785041,0.0,15.0,53.0,2070.0,1.0,p90,min|p05|p10|p25|median|p75|p90
294,1-3m,"Measuring from the closest point of each object, what is the distance between the stove and the fireplace (in meters)?",1.7,0.6468057077454429,0.9021492339720438,0.0,0.1,-0.1,harm,skew,8.035213637502082,2.3636363636363638,0.5169599443674088,0.08333333333333333,10.0,45.0,920.0,0.6666666666666666,p90,p90
300,1-3m,"Measuring from the closest point of each object, what is the distance between the refrigerator and the chair (in meters)?",1.4,0.5499306419754709,0.7704002702292969,0.0,0.2,-0.2,harm,accepted_candidate_mean,5.549442696960735,3.5,0.5551312933949863,0.17647058823529413,14.0,58.0,1380.0,0.75,p90,p90
305,1-3m,"Measuring from the closest point of each object, what is the distance between the stool and the table (in meters)?",1.1,0.25718092225215206,0.45824235606675184,0.0,0.0,0.0,tie,accepted_candidate_mean,6.126711064935328,3.1333333333333333,0.5237300978465513,0.0,16.0,58.0,2530.0,1.0,p90,min|p05|p10|p25|median|p75|p90
314,1-3m,"Measuring from the closest point of each object, what is the distance between the dishwasher and the refrigerator (in meters)?",2.8,1.1476095416831888,1.2506908179140022,0.0,0.0,0.0,tie,accepted_candidate_mean,1.4907735799826716,3.4285714285714284,0.6132439374923706,0.0,9.0,52.0,690.0,0.75,p90,min|p05|p10|p25|median|p75|p90
324,<1m,"Measuring from the closest point of each object, what is the distance between the stool and the tv (in meters)?",0.7,0.7775560756268532,4.014407950565416,0.8,0.0,0.8,benefit,skew,51.889855946303236,1.6842105263157894,0.5987087994813919,0.0,9.0,22.0,920.0,0.6666666666666666,median,median
344,1-3m,"Measuring from the closest point of each object, what is the distance between the bathtub and the washer (in meters)?",1.7,1.9567299463990278,2.748992080903524,0.7,0.0,0.7,benefit,accepted_candidate_mean,7.956827744626208,3.7142857142857144,0.5644083358347416,0.125,10.0,34.0,690.0,0.75,median,median
350,1-3m,"Measuring from the closest point of each object, what is the distance between the washer and the bathtub (in meters)?",1.1,1.3374932841539433,1.3885083596175558,0.6,0.5,0.09999999999999998,benefit,accepted_candidate_mean,1.4817120320403057,3.3333333333333335,0.6528934836387634,0.14285714285714285,10.0,30.0,690.0,1.0,p10,p10
354,<1m,"Measuring from the closest point of each object, what is the distance between the washer and the bathtub (in meters)?",0.8,1.1442997132511958,1.19938260790886,0.2,0.1,0.1,benefit,accepted_candidate_mean,1.920195930931752,3.3333333333333335,0.6354736685752869,0.0,9.0,26.0,460.0,0.6666666666666666,p05,p05|p10
355,1-3m,"Measuring from the closest point of each object, what is the distance between the table and the stove (in meters)?",1.1,0.9612957355032025,1.5713085199093921,0.8,0.2,0.6000000000000001,benefit,accepted_candidate_mean,1.694063921872941,3.142857142857143,0.4889564961194992,0.0,10.0,45.0,690.0,0.6,p75,p75
356,<1m,"Measuring from the closest point of each object, what is the distance between the table and the refrigerator (in meters)?",0.8,1.1488409590683597,1.431485006733449,0.2,0.0,0.2,benefit,accepted_candidate_mean,2.9107720840807745,3.2,0.533299095928669,0.0625,13.0,45.0,1610.0,0.875,p25,p25
359,<1m,"Measuring from the closest point of each object, what is the distance between the table and the refrigerator (in meters)?",0.7,1.1960003886805266,1.420130260201765,0.0,0.0,0.0,tie,accepted_candidate_mean,1.9829576829043096,3.6,0.4857775500187507,0.07142857142857142,12.0,32.0,1380.0,0.8571428571428571,p25,p25
643,>=3m,"Measuring from the closest point of each object, what is the distance between the coat rack and the whiteboard (in meters)?",3.7,1.8216387998155592,1.8944820140805543,0.0,0.1,-0.1,harm,accepted_candidate_mean,0.7044768030896725,3.2857142857142856,0.5452530562877655,0.0,8.0,48.0,230.0,0.25,p90,p90
646,1-3m,"Measuring from the closest point of each object, what is the distance between the whiteboard and the door (in meters)?",2.9,1.4379937730049157,1.580151042331202,0.0,0.1,-0.1,harm,accepted_candidate_mean,0.9660316568177126,3.9,0.5858144283294677,0.0,13.0,60.0,1610.0,0.875,p90,p90
650,>=3m,"Measuring from the closest point of each object, what is the distance between the heater and the sofa (in meters)?",4.7,1.8543858786256733,1.934154595979777,0.0,0.0,0.0,tie,skew,14.327048459841913,2.2,0.5607001632452011,0.0,7.0,34.0,230.0,0.3333333333333333,p90,min|p05|p10|p25|median|p75|p90
654,>=3m,"Measuring from the closest point of each object, what is the distance between the power strip and the bookshelf (in meters)?",5.6,2.219337485084253,2.2622772822346437,0.0,0.0,0.0,tie,accepted_candidate_mean,1.2152629090806544,3.111111111111111,0.4832793040709062,0.0,11.0,39.0,920.0,0.5714285714285714,p90,min|p05|p10|p25|median|p75|p90
655,<1m,"Measuring from the closest point of each object, what is the distance between the chair and the monitor (in meters)?",0.4,0.7182413948253022,1.0071502378908523,0.0,0.0,0.0,tie,skew,11.277921134252939,2.7333333333333334,0.6209158953279257,0.0,14.0,49.0,1840.0,1.0,p05,p05
663,>=3m,"Measuring from the closest point of each object, what is the distance between the door and the bookshelf (in meters)?",4.1,1.3404532596336127,1.5325643760126313,0.0,0.0,0.0,tie,accepted_candidate_mean,2.0212368370882148,3.1818181818181817,0.5494203908102853,0.0,9.0,53.0,690.0,0.75,p90,min|p05|p10|p25|median|p75|p90
667,<1m,"Measuring from the closest point of each object, what is the distance between the keyboard and the telephone (in meters)?",0.7,0.6929843878438222,0.8136882346503025,1.0,0.7,0.30000000000000004,benefit,skew,10.264669396996934,1.3548387096774193,0.48380949009548535,0.0,15.0,62.0,2302.0,0.8337558855487143,p75,p75
669,>=3m,"Measuring from the closest point of each object, what is the distance between the telephone and the tv (in meters)?",4.8,1.2976713228056092,1.8024408404722099,0.0,0.0,0.0,tie,skew,11.929963359558121,1.2162162162162162,0.517685556853259,0.1111111111111111,18.0,55.0,2619.0,0.9489130434782609,p90,min|p05|p10|p25|median|p75|p90
671,>=3m,"Measuring from the closest point of each object, what is the distance between the door and the telephone (in meters)?",7.1,2.379669131346318,2.4110742289545026,0.0,0.0,0.0,tie,skew,12.913304123973678,1.5161290322580645,0.6216453249965396,0.03571428571428571,19.0,49.0,2966.0,0.9211180124223602,p90,min|p05|p10|p25|median|p75|p90
685,>=3m,"Measuring from the closest point of each object, what is the distance between the door and the heater (in meters)?",4.5,1.965453346744102,2.3009097838716537,0.0,0.1,-0.1,harm,accepted_candidate_mean,2.0700769255579146,3.5714285714285716,0.5022102097670237,0.0,9.0,38.0,460.0,0.5,p90,p90
689,<1m,"Measuring from the closest point of each object, what is the distance between the heater and the refrigerator (in meters)?",0.4,1.0368498321512107,1.191976471206068,0.0,0.0,0.0,tie,accepted_candidate_mean,1.5626620460529528,3.375,0.45127488672733307,0.14285714285714285,10.0,44.0,690.0,1.0,p10,p10
692,<1m,"Measuring from the closest point of each object, what is the distance between the heater and the door (in meters)?",0.9,0.90515694419693,2.263859736749945,1.0,0.0,1.0,benefit,skew,10.025117763065136,2.5555555555555554,0.48534248769283295,0.0,10.0,43.0,690.0,0.6,p75,p75
693,1-3m,"Measuring from the closest point of each object, what is the distance between the door and the ceiling light (in meters)?",1.5,1.3459827722455633,1.4771017294452073,0.8,1.0,-0.19999999999999996,harm,accepted_candidate_mean,2.2967172039823853,4.125,0.6454488734404246,0.0,9.0,38.0,460.0,0.5,p90,p90
695,<1m,"Measuring from the closest point of each object, what is the distance between the door and the ceiling light (in meters)?",0.9,2.03512160328209,2.1799759901379523,0.0,0.0,0.0,tie,accepted_candidate_mean,2.947028208998071,3.142857142857143,0.5808970928192139,0.0,9.0,46.0,460.0,0.5,min,min|p05|p10|p25|median|p75|p90
698,1-3m,"Measuring from the closest point of each object, what is the distance between the toilet and the ceiling light (in meters)?",1.4,1.2297321615047907,1.7713724302771745,0.8,0.5,0.30000000000000004,benefit,skew,12.156622627377525,2.4166666666666665,0.48573894500732423,0.0,9.0,48.0,460.0,0.6666666666666666,p75,p75
706,1-3m,"Measuring from the closest point of each object, what is the distance between the monitor and the door (in meters)?",2.3,1.5230060931251004,1.773646775897971,0.4,0.6,-0.19999999999999996,harm,accepted_candidate_mean,1.6237593931133971,3.1875,0.5073811201488271,0.0,14.0,55.0,1840.0,0.8888888888888888,p90,p90
707,1-3m,"Measuring from the closest point of each object, what is the distance between the door and the printer (in meters)?",1.2,1.2887619450863685,1.6989960181491965,0.9,0.2,0.7,benefit,accepted_candidate_mean,2.964897946755787,3.8333333333333335,0.601573047893388,0.0,12.0,41.0,1380.0,0.75,p75,p75
712,<1m,"Measuring from the closest point of each object, what is the distance between the toilet and the shoe rack (in meters)?",0.8,0.8543035267404042,1.872478399930101,0.9,0.0,0.9,benefit,skew,16.491757874868107,2.727272727272727,0.5758158456195485,0.09090909090909091,10.0,42.0,920.0,0.6666666666666666,p75,p75
714,>=3m,"Measuring from the closest point of each object, what is the distance between the door and the table (in meters)?",4.7,2.3635004123259136,2.500955127127319,0.1,0.1,0.0,tie,accepted_candidate_mean,3.7043807772914006,3.5,0.7021045461297035,0.0,9.0,14.0,690.0,0.6,p90,p75|p90
718,<1m,"Measuring from the closest point of each object, what is the distance between the bed and the chair (in meters)?",0.4,1.029981736523943,1.1101494665305989,0.0,0.0,0.0,tie,accepted_candidate_mean,1.5402479511034892,3.230769230769231,0.6790997366110484,0.0,13.0,48.0,1610.0,0.875,p05,p05
719,<1m,"Measuring from the closest point of each object, what is the distance between the bed and the heater (in meters)?",0.7,1.0946496476493885,1.2152030628776282,0.0,0.0,0.0,tie,accepted_candidate_mean,1.9067105330657672,3.272727272727273,0.6919763428824288,0.0,12.0,58.0,1150.0,0.5555555555555556,p25,p10|p25
724,<1m,"Measuring from the closest point of each object, what is the distance between the trash can and the keyboard (in meters)?",0.9,1.3353873871281103,2.009731295921313,0.1,0.0,0.1,benefit,skew,12.656791016197701,1.8333333333333333,0.5566071197390556,0.0,11.0,30.0,1150.0,0.7142857142857143,median,median
738,>=3m,"Measuring from the closest point of each object, what is the distance between the shoes and the door (in meters)?",4.3,0.9904868197104353,1.053242944549803,0.0,0.0,0.0,tie,accepted_candidate_mean,0.9272920840587082,3.1,0.5339748348508563,0.0,9.0,46.0,690.0,0.75,p90,min|p05|p10|p25|median|p75|p90
744,1-3m,"Measuring from the closest point of each object, what is the distance between the sofa and the chair (in meters)?",1.0,0.8628311810169821,2.042521203706031,0.8,0.0,0.8,benefit,skew,16.745723258373847,2.2941176470588234,0.5452942550182343,0.15384615384615385,20.0,63.0,1610.0,0.7,p75,p75
746,>=3m,"Measuring from the closest point of each object, what is the distance between the telephone and the tv (in meters)?",9.3,0.7031976184705724,1.7042924352231537,0.0,0.0,0.0,tie,skew,10.413143112610527,1.125,0.4447051174938679,0.0,8.0,11.0,690.0,0.6,p90,min|p05|p10|p25|median|p75|p90
753,1-3m,"Measuring from the closest point of each object, what is the distance between the heater and the bed (in meters)?",1.9,1.7042869900490407,1.9050823205447793,0.8,1.0,-0.19999999999999996,harm,accepted_candidate_mean,1.8386560731899977,4.571428571428571,0.6099420360156468,0.0,9.0,36.0,690.0,0.75,p90,p90
2066,1-3m,"Measuring from the closest point of each object, what is the distance between the door and the chair (in meters)?",2.9,1.7409330036128725,1.8992207761228244,0.3,0.4,-0.10000000000000003,harm,skew,13.203652846122354,3.0833333333333335,0.532214877280322,0.0,10.0,44.0,1150.0,0.8333333333333334,p90,p90
2072,<1m,"Measuring from the closest point of each object, what is the distance between the microwave and the counter (in meters)?",0.4,0.8140454016222973,0.9623062165165256,0.0,0.0,0.0,tie,accepted_candidate_mean,2.3365801391372547,3.909090909090909,0.6307199448347092,0.0,12.0,59.0,1150.0,0.7142857142857143,p10,p10
2073,<1m,"Measuring from the closest point of each object, what is the distance between the door and the counter (in meters)?",0.7,1.7881443172253233,1.9568124607040935,0.0,0.0,0.0,tie,accepted_candidate_mean,2.480875602647555,3.6923076923076925,0.5841644138097764,0.0,15.0,34.0,2070.0,0.8178585539312525,p25,p25
2075,<1m,"Measuring from the closest point of each object, what is the distance between the door and the closet (in meters)?",0.5,1.2535723444875324,1.685745967163872,0.0,0.0,0.0,tie,accepted_candidate_mean,1.9217893727010271,3.25,0.46568778795855387,0.0,12.0,53.0,1380.0,0.75,p25,p25
2084,<1m,"Measuring from the closest point of each object, what is the distance between the radiator and the bed (in meters)?",0.5,0.7354737132694831,1.4566716062533496,0.1,0.0,0.1,benefit,skew,8.404419947307192,3.4545454545454546,0.6059246609608332,0.07692307692307693,12.0,38.0,1150.0,0.8333333333333334,median,median
2092,<1m,"Measuring from the closest point of each object, what is the distance between the table and the backpack (in meters)?",0.7,0.7759092748107252,0.9322143102138563,0.8,0.4,0.4,benefit,accepted_candidate_mean,2.2885595342484493,3.1538461538461537,0.5338401413626142,0.0,13.0,63.0,2070.0,1.0,p75,median|p75
2099,1-3m,"Measuring from the closest point of each object, what is the distance between the door and the backpack (in meters)?",1.7,1.2704287306686162,1.5173725470420563,0.5,0.8,-0.30000000000000004,harm,accepted_candidate_mean,4.278111597202083,3.6666666666666665,0.5800463333725929,0.0,16.0,54.0,2070.0,0.8181818181818182,p90,p90
2100,<1m,"Measuring from the closest point of each object, what is the distance between the backpack and the bed (in meters)?",0.4,1.255095612121144,1.4441345240171455,0.0,0.0,0.0,tie,accepted_candidate_mean,2.2765853107412046,3.25,0.5697858664724562,0.1111111111111111,11.0,55.0,920.0,1.0,min,min
2103,<1m,"Measuring from the closest point of each object, what is the distance between the window and the chair (in meters)?",0.4,1.2557092990075676,1.3295117379755825,0.0,0.0,0.0,tie,accepted_candidate_mean,1.3039396550837101,3.375,0.6173227975765864,0.0,9.0,27.0,690.0,1.0,p10,p10
2113,>=3m,"Measuring from the closest point of each object, what is the distance between the backpack and the tv (in meters)?",4.3,1.2132743367945786,1.230651530078828,0.0,0.0,0.0,tie,accepted_candidate_mean,1.936648944542098,3.6,0.6816798448562622,0.0,8.0,7.0,690.0,0.75,p90,min|p05|p10|p25|median|p75|p90
2114,1-3m,"Measuring from the closest point of each object, what is the distance between the door and the bookshelf (in meters)?",1.2,1.5561131743775019,1.7852319618529489,0.5,0.1,0.4,benefit,accepted_candidate_mean,0.7514547835052114,3.272727272727273,0.5151965182561141,0.07692307692307693,11.0,42.0,1150.0,0.7142857142857143,median,median
2116,>=3m,"Measuring from the closest point of each object, what is the distance between the counter and the sofa (in meters)?",3.5,0.9496456717335342,1.0550755762826924,0.0,0.0,0.0,tie,accepted_candidate_mean,1.9787331816947238,3.625,0.6380592722159165,0.07692307692307693,7.0,6.0,1380.0,1.0,p90,min|p05|p10|p25|median|p75|p90
2121,<1m,"Measuring from the closest point of each object, what is the distance between the chair and the bed (in meters)?",0.5,1.0891604184870167,1.3177890960153502,0.0,0.0,0.0,tie,accepted_candidate_mean,2.0398247415737876,3.5833333333333335,0.634551091836049,0.11764705882352941,14.0,55.0,1380.0,0.8571428571428571,p10,p10
2125,<1m,"Measuring from the closest point of each object, what is the distance between the table and the bed (in meters)?",0.5,0.9607983133869789,1.1709576121433094,0.0,0.0,0.0,tie,accepted_candidate_mean,3.5212460478972267,3.642857142857143,0.6965490049786038,0.1,10.0,33.0,920.0,1.0,p10,p10
2127,<1m,"Measuring from the closest point of each object, what is the distance between the telephone and the chair (in meters)?",0.5,0.7965385343670476,0.8555715235096905,0.0,0.0,0.0,tie,accepted_candidate_mean,1.7126797340262256,3.8333333333333335,0.592452119697224,0.0,16.0,47.0,2300.0,0.8333333333333334,p05,p05
2128,1-3m,"Measuring from the closest point of each object, what is the distance between the door and the telephone (in meters)?",2.5,1.0296408000061843,1.0737498188168584,0.0,0.0,0.0,tie,accepted_candidate_mean,2.095691785167317,3.1666666666666665,0.559265997260809,0.0,9.0,14.0,690.0,0.6,p90,min|p05|p10|p25|median|p75|p90
2130,1-3m,"Measuring from the closest point of each object, what is the distance between the door and the towel (in meters)?",1.3,1.285235168297365,1.3963123535326538,1.0,0.9,0.09999999999999998,benefit,accepted_candidate_mean,1.177078010107292,3.625,0.47720038559701705,0.0,9.0,30.0,920.0,0.8,p75,p75
2135,>=3m,"Measuring from the closest point of each object, what is the distance between the radiator and the mattress (in meters)?",4.2,1.6248297274227013,1.685458364492928,0.0,0.0,0.0,tie,skew,8.522379856476649,3.4166666666666665,0.6426204328353589,0.0,12.0,50.0,1380.0,0.8571428571428571,p90,min|p05|p10|p25|median|p75|p90
2137,>=3m,"Measuring from the closest point of each object, what is the distance between the door and the radiator (in meters)?",5.3,1.8583387344992963,2.0130967717649972,0.0,0.0,0.0,tie,accepted_candidate_mean,0.4206491706021772,3.5454545454545454,0.6093346693299033,0.0,10.0,44.0,920.0,0.5714285714285714,p90,min|p05|p10|p25|median|p75|p90
2140,1-3m,"Measuring from the closest point of each object, what is the distance between the table and the nightstand (in meters)?",2.4,1.750405860671913,1.8178975885807835,0.5,0.6,-0.09999999999999998,harm,accepted_candidate_mean,0.1155171050627055,3.5,0.5549200375874838,0.0,11.0,50.0,1150.0,0.7142857142857143,p90,p90
2141,1-3m,"Measuring from the closest point of each object, what is the distance between the nightstand and the chair (in meters)?",2.9,1.0347787424581358,1.1039308978222253,0.0,0.0,0.0,tie,accepted_candidate_mean,1.7569182211878216,3.5833333333333335,0.5573229700326919,0.09090909090909091,11.0,46.0,690.0,0.5,p90,min|p05|p10|p25|median|p75|p90
2147,<1m,"Measuring from the closest point of each object, what is the distance between the table and the backpack (in meters)?",0.7,0.9936014935856338,1.096099427248109,0.2,0.0,0.2,benefit,accepted_candidate_mean,1.8640046031038902,3.6363636363636362,0.724363487958908,0.0,18.0,47.0,3220.0,0.875,p25,p25
2150,1-3m,"Measuring from the closest point of each object, what is the distance between the table and the printer (in meters)?",2.3,0.6987601666112176,0.8529299083119505,0.0,0.0,0.0,tie,accepted_candidate_mean,2.34865111459301,3.1538461538461537,0.6562147094653203,0.0,11.0,61.0,1380.0,0.8571428571428571,p90,min|p05|p10|p25|median|p75|p90
2151,1-3m,"Measuring from the closest point of each object, what is the distance between the table and the backpack (in meters)?",2.3,1.0774831140095433,1.2088907355390015,0.0,0.1,-0.1,harm,accepted_candidate_mean,1.2609138964622855,3.1538461538461537,0.5071810518994051,0.0,14.0,33.0,1840.0,0.8888888888888888,p90,p90
2153,1-3m,"Measuring from the closest point of each object, what is the distance between the backpack and the refrigerator (in meters)?",1.2,1.1012397144444925,1.7216162310596508,0.9,0.2,0.7,benefit,skew,9.558248252344246,2.5714285714285716,0.44104547585759846,0.0,10.0,43.0,690.0,0.749185667752443,p75,p75
2155,1-3m,"Measuring from the closest point of each object, what is the distance between the towel and the window (in meters)?",1.5,1.5541368127104729,1.6160660029444749,1.0,0.9,0.09999999999999998,benefit,accepted_candidate_mean,0.3588035540400891,3.7142857142857144,0.5162380933761597,0.2222222222222222,10.0,43.0,690.0,0.75,median,median|p75
2157,<1m,"Measuring from the closest point of each object, what is the distance between the mirror and the towel (in meters)?",0.7,1.3295914688520376,1.532354315184632,0.0,0.0,0.0,tie,accepted_candidate_mean,1.2954097547276406,4.571428571428571,0.5102878987789154,0.0,9.0,46.0,230.0,0.25,p25,p25
2158,<1m,"Measuring from the closest point of each object, what is the distance between the door and the window (in meters)?",0.8,1.4167070436527802,1.5501237886060166,0.0,0.0,0.0,tie,accepted_candidate_mean,2.098376597606546,3.5454545454545454,0.578942293470556,0.0,11.0,45.0,1150.0,0.8333333333333334,p25,p25
2160,1-3m,"Measuring from the closest point of each object, what is the distance between the printer and the refrigerator (in meters)?",1.0,1.3603525112902783,2.075787969829407,0.3,0.0,0.3,benefit,accepted_candidate_mean,2.4645815779963858,3.8333333333333335,0.5570555145923908,0.0,12.0,57.0,1380.0,0.8571428571428571,median,median
2162,1-3m,"Measuring from the closest point of each object, what is the distance between the bookshelf and the sofa (in meters)?",2.7,1.8141498401298604,1.9500348599534865,0.4,0.5,-0.09999999999999998,harm,accepted_candidate_mean,2.213145216328201,3.3333333333333335,0.5917692879835764,0.0,14.0,46.0,2070.0,1.0,p90,p90
2164,>=3m,"Measuring from the closest point of each object, what is the distance between the backpack and the bookshelf (in meters)?",3.7,1.5752509878380496,1.6217834854560111,0.0,0.0,0.0,tie,accepted_candidate_mean,0.4404724151351838,3.5,0.5697499002729144,0.0,9.0,27.0,690.0,0.75,p90,min|p05|p10|p25|median|p75|p90
2167,1-3m,"Measuring from the closest point of each object, what is the distance between the door and the radiator (in meters)?",2.3,0.8682561959774384,1.5819829335883993,0.0,0.4,-0.4,harm,accepted_candidate_mean,7.054107553242003,3.1666666666666665,0.6327866037686666,0.0,12.0,37.0,1610.0,0.875,p90,p90
2168,1-3m,"Measuring from the closest point of each object, what is the distance between the mirror and the backpack (in meters)?",1.2,1.6195351918558856,1.6835500193723747,0.4,0.2,0.2,benefit,accepted_candidate_mean,0.2903659513738542,4.090909090909091,0.5662259638309479,0.0,9.0,27.0,1150.0,1.0,p25,p25
2169,1-3m,"Measuring from the closest point of each object, what is the distance between the door and the mirror (in meters)?",1.0,1.3647938615087856,1.4337251661989754,0.3,0.2,0.09999999999999998,benefit,accepted_candidate_mean,1.238639375202082,3.6666666666666665,0.6106121718883515,0.0,12.0,33.0,1610.0,0.875,p25,p25
2171,1-3m,"Measuring from the closest point of each object, what is the distance between the bookshelf and the sofa (in meters)?",2.4,1.0166918758108228,1.1257196502760296,0.0,0.0,0.0,tie,accepted_candidate_mean,0.4797568062012745,3.9166666666666665,0.7529881112277508,0.0,8.0,12.0,690.0,0.6,p90,min|p05|p10|p25|median|p75|p90
2172,>=3m,"Measuring from the closest point of each object, what is the distance between the tv and the bookshelf (in meters)?",5.4,1.6320425886935008,1.7324812068814694,0.0,0.0,0.0,tie,skew,16.677169108763636,4.0,0.7638616681098938,0.0,12.0,42.0,1150.0,0.5,p90,min|p05|p10|p25|median|p75|p90
2174,>=3m,"Measuring from the closest point of each object, what is the distance between the radiator and the bookshelf (in meters)?",5.7,1.561100871925642,1.7067871707630504,0.0,0.0,0.0,tie,accepted_candidate_mean,2.108892996969647,3.5,0.6129685062915087,0.0,12.0,46.0,1610.0,0.7777777777777778,p90,min|p05|p10|p25|median|p75|p90
2181,<1m,"Measuring from the closest point of each object, what is the distance between the door and the sofa (in meters)?",0.7,0.7496916499404254,0.8253925684929608,0.9,0.7,0.20000000000000007,benefit,accepted_candidate_mean,1.9951076400525942,3.2222222222222223,0.805846189459165,0.0,12.0,29.0,1150.0,0.7142857142857143,median,median|p75
2182,<1m,"Measuring from the closest point of each object, what is the distance between the backpack and the window (in meters)?",0.5,1.635411983749246,1.8740900182188271,0.0,0.0,0.0,tie,skew,24.432327994017964,2.5454545454545454,0.46135030686855316,0.0,10.0,56.0,920.0,1.0,p05,min|p05|p10
2186,<1m,"Measuring from the closest point of each object, what is the distance between the guitar and the window (in meters)?",0.8,0.9618204073430221,1.6277897017610372,0.6,0.0,0.6,benefit,accepted_candidate_mean,5.2860534835887005,3.3076923076923075,0.6459537827306323,0.0,15.0,60.0,1840.0,0.8,median,median
2203,1-3m,"Measuring from the closest point of each object, what is the distance between the table and the sofa (in meters)?",1.0,0.7871766778327205,0.9703996964232134,0.6,1.0,-0.4,harm,accepted_candidate_mean,3.143235434377346,3.7,0.7183403922961309,0.0,11.0,34.0,1380.0,0.8571428571428571,p90,p90
2204,<1m,"Measuring from the closest point of each object, what is the distance between the table and the counter (in meters)?",0.5,1.0988778975221725,1.3113671849211,0.0,0.0,0.0,tie,accepted_candidate_mean,1.2498632073551668,3.1818181818181817,0.4732359081506729,0.0,13.0,60.0,920.0,0.6666666666666666,median,median
2205,>=3m,"Measuring from the closest point of each object, what is the distance between the plant and the window (in meters)?",4.4,1.9642827041608735,1.996843017895277,0.0,0.0,0.0,tie,accepted_candidate_mean,2.045411350341592,3.75,0.8018178443113962,0.0,8.0,21.0,460.0,0.5,p90,min|p05|p10|p25|median|p75|p90
2208,<1m,"Measuring from the closest point of each object, what is the distance between the table and the window (in meters)?",0.5,1.3428067226818414,1.5909470714809983,0.0,0.0,0.0,tie,accepted_candidate_mean,2.4353075075714727,3.8461538461538463,0.6253986989750582,0.0,14.0,54.0,1840.0,0.8888888888888888,p05,p05
2216,1-3m,"Measuring from the closest point of each object, what is the distance between the table and the microwave (in meters)?",1.8,1.1057690313272077,1.2529557561122429,0.3,0.4,-0.10000000000000003,harm,accepted_candidate_mean,4.005487642711534,3.3076923076923075,0.5775361139523355,0.10526315789473684,14.0,47.0,1610.0,0.7,p90,p90
2218,1-3m,"Measuring from the closest point of each object, what is the distance between the backpack and the towel (in meters)?",2.2,1.1597046731696339,1.2250429811688996,0.1,0.2,-0.1,harm,accepted_candidate_mean,1.5770092282033485,3.1666666666666665,0.5279868890841802,0.0,8.0,9.0,460.0,0.5,p90,p90
2222,<1m,"Measuring from the closest point of each object, what is the distance between the window and the chair (in meters)?",0.8,0.7109225862931391,0.8199038750669201,0.8,1.0,-0.19999999999999996,harm,accepted_candidate_mean,2.5553779440410183,4.0,0.6070615230128169,0.0,20.0,29.0,3680.0,1.0,p90,p90
2223,1-3m,"Measuring from the closest point of each object, what is the distance between the door and the bed (in meters)?",1.5,1.3608956909960646,1.8231356898777087,0.9,0.6,0.30000000000000004,benefit,accepted_candidate_mean,5.343168788458309,4.416666666666667,0.7424793129875547,0.0,16.0,50.0,2300.0,0.9090909090909091,p75,p75
2224,<1m,"Measuring from the closest point of each object, what is the distance between the table and the bed (in meters)?",0.5,0.9329845977426705,1.0504863525769859,0.0,0.0,0.0,tie,accepted_candidate_mean,1.8848836557374982,4.545454545454546,0.6981852769851684,0.0,11.0,37.0,1610.0,0.875,p10,p05|p10
2245,1-3m,"Measuring from the closest point of each object, what is the distance between the towel and the chair (in meters)?",1.3,1.2404448923384204,1.2797902162437567,1.0,1.0,0.0,tie,accepted_candidate_mean,1.0447874697902744,3.375,0.5958259627223015,0.0,8.0,23.0,460.0,1.0,p90,p75|p90
2246,1-3m,"Measuring from the closest point of each object, what is the distance between the table and the chair (in meters)?",1.0,0.5305278223090409,1.1174409273143806,0.1,0.8,-0.7000000000000001,harm,skew,8.006329748681537,2.642857142857143,0.7168275851469773,0.0,13.0,60.0,1380.0,0.8571428571428571,p90,p90
2816,1-3m,"Measuring from the closest point of each object, what is the distance between the tv and the bed (in meters)?",1.1,1.0115712003003487,1.1818249362131255,0.9,0.9,0.0,tie,accepted_candidate_mean,2.135066348178965,3.272727272727273,0.6468618379698859,0.0,10.0,40.0,920.0,0.8,p90,p75|p90
2819,<1m,"Measuring from the closest point of each object, what is the distance between the toilet and the bathtub (in meters)?",0.4,0.9477632939381444,1.0907376431679525,0.0,0.0,0.0,tie,accepted_candidate_mean,1.2679532542883774,3.3076923076923075,0.5535745633685071,0.043478260869565216,16.0,49.0,2300.0,0.8333333333333334,p10,p10
2821,1-3m,"Measuring from the closest point of each object, what is the distance between the bed and the bathtub (in meters)?",2.1,1.8332532937162402,2.055116022394114,0.8,1.0,-0.19999999999999996,harm,accepted_candidate_mean,1.4730605696722532,3.1666666666666665,0.709118127822876,0.0,10.0,32.0,690.0,0.6,p90,p90
2824,1-3m,"Measuring from the closest point of each object, what is the distance between the table and the refrigerator (in meters)?",1.1,1.2670899455427929,1.4477800195886021,0.7,0.4,0.29999999999999993,benefit,accepted_candidate_mean,7.115894049262289,3.8333333333333335,0.5836721875450828,0.045454545454545456,15.0,48.0,2300.0,0.9087317265902806,p75,p75
2825,<1m,"Measuring from the closest point of each object, what is the distance between the toilet and the bathtub (in meters)?",0.5,0.4505075270677715,0.5153388064922151,0.9,1.0,-0.09999999999999998,harm,accepted_candidate_mean,2.262751911064599,3.3333333333333335,0.6572507164057564,0.0,14.0,60.0,1840.0,0.8888888888888888,p90,p90
2828,1-3m,"Measuring from the closest point of each object, what is the distance between the refrigerator and the bathtub (in meters)?",1.5,0.9483092141826632,1.1069214913204524,0.3,0.5,-0.2,harm,accepted_candidate_mean,2.4119937528199458,3.2222222222222223,0.5096334559576852,0.0,9.0,27.0,460.0,0.4,p90,p90
2835,1-3m,"Measuring from the closest point of each object, what is the distance between the table and the bed (in meters)?",1.9,0.6528248692506972,0.9014198665059159,0.0,0.0,0.0,tie,accepted_candidate_mean,1.8613333946103867,3.5,0.705552355448405,0.0,13.0,58.0,1610.0,0.875,p90,min|p05|p10|p25|median|p75|p90
2842,1-3m,"Measuring from the closest point of each object, what is the distance between the table and the bed (in meters)?",1.0,0.8479776333257767,1.027119406528585,0.7,1.0,-0.30000000000000004,harm,accepted_candidate_mean,2.9163244273020803,4.0,0.7060470581054688,0.0,9.0,28.0,920.0,0.7993049522154648,p90,p90
2847,1-3m,"Measuring from the closest point of each object, what is the distance between the bathtub and the toilet (in meters)?",1.0,1.6590050112353847,1.7759743894211233,0.0,0.0,0.0,tie,accepted_candidate_mean,0.42384264242968916,4.363636363636363,0.46648281812667847,0.04,17.0,54.0,2070.0,0.8181818181818182,median,median
2860,>=3m,"Measuring from the closest point of each object, what is the distance between the tv and the table (in meters)?",3.4,1.3271686934751996,1.4041927823819396,0.0,0.0,0.0,tie,skew,10.525536923746841,2.6666666666666665,0.6498149037361145,0.0,9.0,39.0,690.0,0.6,p90,min|p05|p10|p25|median|p75|p90
2865,1-3m,"Measuring from the closest point of each object, what is the distance between the chair and the bed (in meters)?",2.1,0.8820358862416353,1.0310002810083578,0.0,0.0,0.0,tie,accepted_candidate_mean,2.4486379903439137,3.1666666666666665,0.7310015757878622,0.0,11.0,59.0,920.0,0.8,p90,min|p05|p10|p25|median|p75|p90
2866,<1m,"Measuring from the closest point of each object, what is the distance between the toilet and the bathtub (in meters)?",0.4,1.1439999579076023,1.3305584483715287,0.0,0.0,0.0,tie,accepted_candidate_mean,2.403805984068291,3.1818181818181817,0.65195706859231,0.0,8.0,29.0,690.0,0.6,min,min
2879,<1m,"Measuring from the closest point of each object, what is the distance between the stool and the tv (in meters)?",0.9,0.6939782749869343,1.2793328450644745,0.6,0.2,0.39999999999999997,benefit,skew,8.69045109121214,1.5263157894736843,0.6052614871193381,0.058823529411764705,13.0,42.0,1611.0,0.7782608695652173,p75,p75
2882,1-3m,"Measuring from the closest point of each object, what is the distance between the tv and the bed (in meters)?",1.3,1.1115069084961553,1.2469162006858638,0.8,1.0,-0.19999999999999996,harm,accepted_candidate_mean,3.2826259553948294,3.5,0.7275254556110927,0.14285714285714285,9.0,24.0,460.0,0.5,p90,p90
2883,1-3m,"Measuring from the closest point of each object, what is the distance between the stove and the table (in meters)?",2.0,0.6698215486586692,0.9142396799322604,0.0,0.0,0.0,tie,accepted_candidate_mean,5.060098713639749,3.4,0.5677777689236861,0.0,11.0,45.0,1380.0,0.8571428571428571,p90,min|p05|p10|p25|median|p75|p90
2887,1-3m,"Measuring from the closest point of each object, what is the distance between the stove and the refrigerator (in meters)?",2.2,1.562721644891437,1.6455356341547551,0.5,0.5,0.0,tie,accepted_candidate_mean,2.0861205127243827,3.4,0.5644390199865613,0.0,9.0,32.0,690.0,0.75,p90,p75|p90
2892,1-3m,"Measuring from the closest point of each object, what is the distance between the toilet and the bathtub (in meters)?",1.3,0.795705915766886,0.8935343572979816,0.3,0.4,-0.10000000000000003,harm,accepted_candidate_mean,0.8881651544475251,3.8333333333333335,0.6475883072072809,0.0,12.0,59.0,1150.0,0.8333333333333334,p90,p90
2897,<1m,"Measuring from the closest point of each object, what is the distance between the table and the sofa (in meters)?",0.9,0.6204627199973034,0.7319174892356352,0.4,0.7,-0.29999999999999993,harm,accepted_candidate_mean,1.8404252810432005,3.8181818181818183,0.6439658472171197,0.07692307692307693,11.0,31.0,1150.0,0.7142857142857143,p90,p90
2909,1-3m,"Measuring from the closest point of each object, what is the distance between the refrigerator and the stove (in meters)?",2.0,0.9314080298764368,1.029559340897468,0.0,0.1,-0.1,harm,accepted_candidate_mean,0.35569782947885514,3.3333333333333335,0.48662186972796917,0.16666666666666666,14.0,43.0,1380.0,0.75,p90,p90
2923,<1m,"Measuring from the closest point of each object, what is the distance between the stove and the refrigerator (in meters)?",0.8,2.4009846703970394,2.9953325314921155,0.0,0.0,0.0,tie,skew,9.709330779291133,3.272727272727273,0.531687217950821,0.09090909090909091,12.0,36.0,1150.0,1.0,p25,p25
2924,1-3m,"Measuring from the closest point of each object, what is the distance between the table and the refrigerator (in meters)?",1.0,1.4668980017570996,1.9251328055650814,0.1,0.0,0.1,benefit,accepted_candidate_mean,2.5009740666729345,3.5,0.5397126177946726,0.05555555555555555,13.0,41.0,1840.0,0.8888888888888888,median,median
2949,1-3m,"Measuring from the closest point of each object, what is the distance between the table and the stove (in meters)?",1.9,1.4836882042516315,1.567533212767782,0.6,0.7,-0.09999999999999998,harm,accepted_candidate_mean,0.40040651224521506,3.4285714285714284,0.5865618050098419,0.0,10.0,42.0,460.0,0.6666666666666666,p90,p90
3324,1-3m,"Measuring from the closest point of each object, what is the distance between the ceiling light and the laptop (in meters)?",2.0,1.3465915360146934,2.149319620676475,0.4,0.9,-0.5,harm,skew,15.827375407378023,1.5,0.5085984878242016,0.0,8.0,46.0,461.0,0.33405797101449275,p90,p90
3331,1-3m,"Measuring from the closest point of each object, what is the distance between the telephone and the power strip (in meters)?",1.0,1.1701611377075118,1.3033551549265492,0.7,0.4,0.29999999999999993,benefit,skew,44.55728497663753,1.2941176470588236,0.4403528720140457,0.09090909090909091,11.0,56.0,1150.0,1.0,p75,p75
3332,1-3m,"Measuring from the closest point of each object, what is the distance between the door and the chair (in meters)?",1.5,1.1509969912293605,1.389748197801954,0.6,0.9,-0.30000000000000004,harm,accepted_candidate_mean,1.7597060123316568,3.3846153846153846,0.5693184826523066,0.0,13.0,46.0,1840.0,1.0,p90,p90
3340,1-3m,"Measuring from the closest point of each object, what is the distance between the door and the coat rack (in meters)?",1.9,1.4376763198898417,1.8774450179183113,0.6,1.0,-0.4,harm,accepted_candidate_mean,0.9557934106479055,3.1818181818181817,0.46564906196934835,0.06666666666666667,13.0,47.0,1150.0,0.625,p90,p90
3344,1-3m,"Measuring from the closest point of each object, what is the distance between the telephone and the exhaust fan (in meters)?",2.1,1.880239857084703,1.973324393748579,0.8,0.9,-0.09999999999999998,harm,skew,15.763492278367918,1.25,0.4866116136312485,0.0,11.0,26.0,1150.0,0.9991311902693311,p90,p90
3355,1-3m,"Measuring from the closest point of each object, what is the distance between the toilet and the heater (in meters)?",1.2,1.4274236454046028,1.5225162123706821,0.7,0.5,0.19999999999999996,benefit,accepted_candidate_mean,0.6706223132240153,3.9,0.5329859524965286,0.18181818181818182,11.0,31.0,920.0,1.0,median,median
3364,1-3m,"Measuring from the closest point of each object, what is the distance between the door and the ceiling light (in meters)?",1.1,1.426120576957169,1.60013933339004,0.5,0.1,0.4,benefit,accepted_candidate_mean,1.5538070021863954,3.2857142857142856,0.4717419346173604,0.0,9.0,63.0,690.0,1.0,p25,p25|median
3380,1-3m,"Measuring from the closest point of each object, what is the distance between the clock and the power strip (in meters)?",2.2,0.7654569210347735,1.1785052842739907,0.0,0.1,-0.1,harm,skew,16.34550637289167,1.368421052631579,0.6129886593137469,0.0,10.0,49.0,690.0,0.75,p90,p90
3389,1-3m,"Measuring from the closest point of each object, what is the distance between the telephone and the kettle (in meters)?",2.5,0.2947413595883544,0.3861392039930293,0.0,0.0,0.0,tie,skew,9.009155025425557,1.1111111111111112,0.6040676065853664,0.0,8.0,14.0,690.0,0.75,p90,min|p05|p10|p25|median|p75|p90
4885,<1m,"Measuring from the closest point of each object, what is the distance between the chair and the bed (in meters)?",0.9,1.000745196934662,1.1901478461032873,0.8,0.4,0.4,benefit,accepted_candidate_mean,1.015437556414886,3.9166666666666665,0.6091561814149221,0.0,11.0,54.0,1380.0,1.0,median,median|p75
4886,1-3m,"Measuring from the closest point of each object, what is the distance between the door and the bed (in meters)?",1.7,1.5667954277351748,1.7392719700437693,0.9,1.0,-0.09999999999999998,harm,accepted_candidate_mean,3.2947226440516215,3.5,0.6822211212582059,0.0,9.0,39.0,920.0,0.8,p90,p90
4887,>=3m,"Measuring from the closest point of each object, what is the distance between the door and the window (in meters)?",3.9,2.108065487439226,2.155058995967195,0.1,0.2,-0.1,harm,accepted_candidate_mean,0.6461563773083141,3.9166666666666665,0.5111436724662781,0.0,13.0,43.0,1610.0,0.875,p90,p90
4888,1-3m,"Measuring from the closest point of each object, what is the distance between the table and the bed (in meters)?",1.1,1.0313504264540685,1.1406532592541836,0.9,1.0,-0.09999999999999998,harm,accepted_candidate_mean,2.20204086012495,4.0,0.7140958656867346,0.0,13.0,34.0,1150.0,0.7142857142857143,p90,p90
4890,>=3m,"Measuring from the closest point of each object, what is the distance between the door and the backpack (in meters)?",3.2,1.356342718360797,1.444967148691421,0.0,0.0,0.0,tie,accepted_candidate_mean,0.2524385589324947,3.5833333333333335,0.6687040541853223,0.0,11.0,54.0,1380.0,0.75,p90,min|p05|p10|p25|median|p75|p90
4894,1-3m,"Measuring from the closest point of each object, what is the distance between the radiator and the washing machine (in meters)?",1.5,1.4196061084460883,1.4782098731769877,0.9,1.0,-0.09999999999999998,harm,skew,8.73888013769307,2.1,0.6320965826511383,0.0,9.0,49.0,460.0,0.6666666666666666,p90,p90
4896,1-3m,"Measuring from the closest point of each object, what is the distance between the table and the door (in meters)?",1.2,1.075646114542528,1.470156489200313,0.8,0.6,0.20000000000000007,benefit,accepted_candidate_mean,3.4301058253891945,4.25,0.45649999618530274,0.0,17.0,50.0,2760.0,0.9230769230769231,p75,p75
4897,1-3m,"Measuring from the closest point of each object, what is the distance between the refrigerator and the window (in meters)?",1.9,0.7515064857673425,0.8892565501177927,0.0,0.0,0.0,tie,accepted_candidate_mean,1.7245794695874594,3.3333333333333335,0.49532198905944824,0.0,9.0,40.0,920.0,0.8,p90,min|p05|p10|p25|median|p75|p90
4900,1-3m,"Measuring from the closest point of each object, what is the distance between the oven and the window (in meters)?",1.6,0.6889204136450782,0.8045909012434366,0.0,0.1,-0.1,harm,accepted_candidate_mean,4.0506951448050295,3.2666666666666666,0.486267426609993,0.0,9.0,53.0,1150.0,1.0,p90,p90
4901,1-3m,"Measuring from the closest point of each object, what is the distance between the oven and the refrigerator (in meters)?",1.2,0.7122247844901681,0.7802365085921669,0.2,0.4,-0.2,harm,accepted_candidate_mean,1.9312860757944785,3.2857142857142856,0.5093937104656583,0.08695652173913043,17.0,63.0,2300.0,0.9090909090909091,p90,p90
4908,<1m,"Measuring from the closest point of each object, what is the distance between the table and the bed (in meters)?",0.8,1.8874248023370424,2.332251991819575,0.0,0.0,0.0,tie,accepted_candidate_mean,1.450131607805976,3.5833333333333335,0.7564086649152968,0.0,9.0,22.0,690.0,0.5,p25,p25
4917,1-3m,"Measuring from the closest point of each object, what is the distance between the chair and the bed (in meters)?",1.0,1.0342335053565894,1.5899691687114144,1.0,0.0,1.0,benefit,accepted_candidate_mean,3.776085367392142,3.142857142857143,0.5134055346250535,0.0,16.0,63.0,2300.0,1.0,p75,p75
4923,1-3m,"Measuring from the closest point of each object, what is the distance between the refrigerator and the bookshelf (in meters)?",1.4,1.4215631951420495,1.677027736318806,1.0,0.7,0.30000000000000004,benefit,accepted_candidate_mean,3.139381289806369,3.625,0.5746763863346793,0.0,10.0,34.0,920.0,0.5714285714285714,p75,p75
4924,1-3m,"Measuring from the closest point of each object, what is the distance between the door and the bookshelf (in meters)?",1.7,1.0543200559335797,1.1861718935210255,0.3,0.4,-0.10000000000000003,harm,accepted_candidate_mean,0.824425177858705,3.3636363636363638,0.5736262306571007,0.0,15.0,38.0,2070.0,0.8181818181818182,p90,p90
4929,>=3m,"Measuring from the closest point of each object, what is the distance between the tv and the chair (in meters)?",3.3,1.5439237102350656,1.648946475418728,0.0,0.0,0.0,tie,skew,10.845060896523744,3.125,0.5909262640135629,0.14285714285714285,14.0,32.0,1380.0,0.5,p90,min|p05|p10|p25|median|p75|p90
4934,>=3m,"Measuring from the closest point of each object, what is the distance between the refrigerator and the sofa (in meters)?",3.2,2.1092619050073838,2.1848840184916414,0.4,0.4,0.0,tie,accepted_candidate_mean,1.5786555783039418,3.625,0.6898513317108155,0.0,9.0,51.0,460.0,0.6666666666666666,p90,p75|p90
4936,>=3m,"Measuring from the closest point of each object, what is the distance between the door and the window (in meters)?",4.3,2.565499304562122,2.651952588863408,0.2,0.3,-0.09999999999999998,harm,accepted_candidate_mean,1.4408724539975548,3.4545454545454546,0.48799970570732565,0.058823529411764705,13.0,48.0,1610.0,0.7777777777777778,p90,p90
4939,1-3m,"Measuring from the closest point of each object, what is the distance between the door and the chair (in meters)?",1.6,0.7508450786501414,0.9787805893461377,0.0,0.3,-0.3,harm,accepted_candidate_mean,3.2216186000221545,3.6153846153846154,0.5982702887720532,0.0,14.0,28.0,2070.0,1.0,p90,p90
4940,1-3m,"Measuring from the closest point of each object, what is the distance between the table and the door (in meters)?",1.2,1.3135950108681123,1.6260955404047563,0.9,0.3,0.6000000000000001,benefit,accepted_candidate_mean,2.877651826518506,4.5,0.5706472017548301,0.0,10.0,38.0,1150.0,0.8333333333333334,p75,p75
4942,1-3m,"Measuring from the closest point of each object, what is the distance between the door and the window (in meters)?",1.9,1.6499545919207241,1.8585379056803282,0.8,1.0,-0.19999999999999996,harm,accepted_candidate_mean,2.9869446457720636,3.4285714285714284,0.5005630519655015,0.0,13.0,49.0,1840.0,0.8,p90,p90
4945,>=3m,"Measuring from the closest point of each object, what is the distance between the trash bin and the door (in meters)?",3.7,2.358290515189899,2.411141569102275,0.3,0.4,-0.10000000000000003,harm,accepted_candidate_mean,1.8171384140784579,3.5,0.5472087785601616,0.0,8.0,26.0,230.0,0.3333333333333333,p90,p90
4947,1-3m,"Measuring from the closest point of each object, what is the distance between the door and the bookshelf (in meters)?",1.6,1.2975828736630752,1.4719548641905702,0.7,0.9,-0.20000000000000007,harm,accepted_candidate_mean,1.6128669806665352,3.4444444444444446,0.5487135225220731,0.0,14.0,24.0,2070.0,0.9,p90,p90
4948,>=3m,"Measuring from the closest point of each object, what is the distance between the sofa and the mattress (in meters)?",3.0,1.3621516898234993,1.5414796080453872,0.0,0.1,-0.1,harm,accepted_candidate_mean,1.2781540766479298,3.1666666666666665,0.48739869594573976,0.0,13.0,55.0,1610.0,0.875,p90,p90
4949,1-3m,"Measuring from the closest point of each object, what is the distance between the table and the radiator (in meters)?",1.1,1.3210890784143252,1.5270984429577819,0.6,0.3,0.3,benefit,accepted_candidate_mean,1.47723587993505,4.0,0.6690497050682703,0.0,12.0,29.0,1840.0,0.8,median,median
4950,1-3m,"Measuring from the closest point of each object, what is the distance between the table and the door (in meters)?",1.4,1.6525178706305104,1.8840294698738316,0.7,0.4,0.29999999999999993,benefit,accepted_candidate_mean,2.890636892572458,3.909090909090909,0.5626418480747625,0.0,14.0,43.0,2070.0,0.9,median,median
4956,1-3m,"Measuring from the closest point of each object, what is the distance between the table and the bed (in meters)?",1.0,1.2690931992054861,1.5532045206323633,0.5,0.0,0.5,benefit,accepted_candidate_mean,2.2668866422814653,3.8333333333333335,0.6785528436303139,0.0,13.0,47.0,1840.0,1.0,median,median
4958,1-3m,"Measuring from the closest point of each object, what is the distance between the chair and the bed (in meters)?",1.4,1.2990509509467967,1.4286365269323489,0.9,1.0,-0.09999999999999998,harm,accepted_candidate_mean,1.1780028265409057,3.5,0.6221213753406818,0.06666666666666667,13.0,56.0,1150.0,0.625,p90,p90
4959,1-3m,"Measuring from the closest point of each object, what is the distance between the closet and the bed (in meters)?",2.1,1.5218788960487082,1.813164468432253,0.5,0.8,-0.30000000000000004,harm,skew,8.053027588873084,3.1818181818181817,0.5112031195312738,0.0,13.0,44.0,1840.0,1.0,p90,p90
4962,>=3m,"Measuring from the closest point of each object, what is the distance between the door and the window (in meters)?",4.9,1.9561269083236197,2.0101170119807867,0.0,0.0,0.0,tie,accepted_candidate_mean,0.35894998543979595,3.4545454545454546,0.47682902216911316,0.0,9.0,44.0,460.0,0.6666666666666666,p90,min|p05|p10|p25|median|p75|p90
4965,1-3m,"Measuring from the closest point of each object, what is the distance between the table and the door (in meters)?",2.7,1.7079569224513136,1.8659477060675953,0.3,0.4,-0.10000000000000003,harm,accepted_candidate_mean,0.7043029831690798,3.5384615384615383,0.4793921567144848,0.0,16.0,61.0,2301.0,0.9094861660079051,p90,p90
4966,1-3m,"Measuring from the closest point of each object, what is the distance between the door and the mirror (in meters)?",1.7,0.6895389175399542,0.8760759941908993,0.0,0.1,-0.1,harm,skew,8.523870324943305,4.818181818181818,0.603308000347831,0.0,13.0,39.0,2530.0,1.0,p90,p90
4967,1-3m,"Measuring from the closest point of each object, what is the distance between the door and the mirror (in meters)?",2.0,2.1386083303600483,2.599682213741087,0.9,0.5,0.4,benefit,accepted_candidate_mean,1.1706159540854983,3.272727272727273,0.5988193223109612,0.0,10.0,49.0,1380.0,0.8571428571428571,p75,p75
4968,1-3m,"Measuring from the closest point of each object, what is the distance between the table and the door (in meters)?",1.4,0.7717108081463595,0.8749839462545366,0.2,0.3,-0.09999999999999998,harm,accepted_candidate_mean,2.2989622912654726,3.5,0.693632165590922,0.0,5.0,4.0,690.0,1.0,p90,p90
4969,>=3m,"Measuring from the closest point of each object, what is the distance between the door and the backpack (in meters)?",3.6,1.7962706959457972,1.972631599174925,0.0,0.1,-0.1,harm,accepted_candidate_mean,1.2246022246887966,3.6666666666666665,0.5292338132858276,0.0,10.0,32.0,920.0,1.0,p90,p90
4971,1-3m,"Measuring from the closest point of each object, what is the distance between the table and the window (in meters)?",1.0,1.8011244904675636,1.9799647110798584,0.0,0.0,0.0,tie,accepted_candidate_mean,1.113211706910287,4.5,0.5653872536985498,0.0,13.0,34.0,2070.0,0.9,p25,p25
4972,1-3m,"Measuring from the closest point of each object, what is the distance between the table and the door (in meters)?",1.0,1.033257553730754,1.243360810659366,1.0,0.6,0.4,benefit,accepted_candidate_mean,3.5008720723711835,4.2727272727272725,0.6638160241501672,0.0,12.0,30.0,1610.0,1.0,p75,p75
4973,1-3m,"Measuring from the closest point of each object, what is the distance between the table and the door (in meters)?",1.2,1.2142734896575735,1.4097331541582134,1.0,0.7,0.30000000000000004,benefit,accepted_candidate_mean,1.7431079506733933,4.230769230769231,0.47894441906143637,0.0,13.0,51.0,1840.0,0.8888888888888888,p75,p75
4982,1-3m,"Measuring from the closest point of each object, what is the distance between the tv and the sofa (in meters)?",1.7,1.0958029826097762,1.1438732467456456,0.3,0.4,-0.10000000000000003,harm,accepted_candidate_mean,1.7729177855653568,3.2222222222222223,0.8892626613378525,0.0,9.0,43.0,460.0,1.0,p90,p90
4984,1-3m,"Measuring from the closest point of each object, what is the distance between the table and the window (in meters)?",1.1,1.2379307343333186,1.4984734138462146,0.8,0.3,0.5,benefit,accepted_candidate_mean,2.8942919297846315,4.181818181818182,0.6556893903762102,0.0,11.0,30.0,1610.0,0.7777777777777778,p75,median|p75
4985,1-3m,"Measuring from the closest point of each object, what is the distance between the table and the door (in meters)?",1.2,1.1502897018574134,1.4163739162880151,1.0,0.7,0.30000000000000004,benefit,accepted_candidate_mean,3.1317637687446744,4.9,0.6635920968320634,0.0,14.0,57.0,1610.0,0.6363636363636364,p75,p75
4989,1-3m,"Measuring from the closest point of each object, what is the distance between the bookshelf and the chair (in meters)?",1.7,1.4190604064719015,1.5259006366165508,0.7,0.8,-0.10000000000000009,harm,accepted_candidate_mean,0.6077650992797667,3.4,0.6253870752724734,0.0,11.0,42.0,1150.0,0.8333333333333334,p90,p90
4990,>=3m,"Measuring from the closest point of each object, what is the distance between the door and the window (in meters)?",4.6,2.212380958063894,2.2460959186399374,0.0,0.0,0.0,tie,accepted_candidate_mean,0.19637233609111712,3.6666666666666665,0.5623166752713067,0.0,11.0,42.0,1380.0,0.75,p90,min|p05|p10|p25|median|p75|p90
4991,<1m,"Measuring from the closest point of each object, what is the distance between the computer mouse and the window (in meters)?",0.9,0.7355320518322722,1.44240908390839,0.7,0.0,0.7,benefit,skew,19.023390644691222,1.736842105263158,0.5371223810841056,0.0,13.0,40.0,1840.0,0.8888888888888888,p75,p75
4993,>=3m,"Measuring from the closest point of each object, what is the distance between the door and the backpack (in meters)?",3.9,1.7330133223691833,1.833524273398251,0.0,0.0,0.0,tie,accepted_candidate_mean,5.343266918442047,3.75,0.5102700777351856,0.0,9.0,34.0,690.0,0.6,p90,min|p05|p10|p25|median|p75|p90
4996,1-3m,"Measuring from the closest point of each object, what is the distance between the fan and the sofa (in meters)?",2.5,1.0847620112920728,1.163018606720116,0.0,0.0,0.0,tie,accepted_candidate_mean,3.8815066434007823,3.1,0.7182785533368587,0.0,10.0,39.0,690.0,0.6,p90,min|p05|p10|p25|median|p75|p90
5002,1-3m,"Measuring from the closest point of each object, what is the distance between the window and the sofa (in meters)?",1.6,1.6936915080425914,2.5340230786701574,0.9,0.0,0.9,benefit,accepted_candidate_mean,2.5070750764522622,4.0,0.6602240260690451,0.0,12.0,25.0,1610.0,0.7777777777777778,p75,p75
5003,>=3m,"Measuring from the closest point of each object, what is the distance between the telephone and the fan (in meters)?",3.0,1.6120073640225476,1.8415385458668632,0.1,0.3,-0.19999999999999998,harm,skew,9.418504265754727,1.6538461538461537,0.4840444475412369,0.0625,13.0,48.0,1611.0,0.8755434782608695,p90,p90
5009,1-3m,"Measuring from the closest point of each object, what is the distance between the printer and the sofa (in meters)?",2.1,1.126442132256399,1.190561061440653,0.1,0.2,-0.1,harm,accepted_candidate_mean,1.4115034089930185,3.7,0.7049736868251454,0.0,11.0,36.0,920.0,0.5714285714285714,p90,p90
5010,1-3m,"Measuring from the closest point of each object, what is the distance between the piano and the sofa (in meters)?",1.0,1.2746611393128573,1.4831554894585877,0.5,0.1,0.4,benefit,accepted_candidate_mean,2.396506903893834,4.111111111111111,0.7377308209737142,0.0,10.0,29.0,920.0,0.8,median,median
5011,1-3m,"Measuring from the closest point of each object, what is the distance between the piano and the lamp (in meters)?",2.9,0.7732292587610218,1.3167157063060555,0.0,0.0,0.0,tie,skew,13.556255160179385,1.9230769230769231,0.603356009721756,0.0,13.0,36.0,1611.0,0.8755434782608695,p90,min|p05|p10|p25|median|p75|p90
5012,1-3m,"Measuring from the closest point of each object, what is the distance between the table and the window (in meters)?",1.1,1.1909767039075203,1.3828203364326659,0.9,0.5,0.4,benefit,accepted_candidate_mean,2.006029046134154,3.5384615384615383,0.5086150082449118,0.0,17.0,60.0,2530.0,0.8461538461538461,p75,p75
5015,1-3m,"Measuring from the closest point of each object, what is the distance between the door and the mirror (in meters)?",2.0,1.7838877266042292,2.068140576852305,0.8,1.0,-0.19999999999999996,harm,accepted_candidate_mean,2.322340536085789,3.230769230769231,0.527983491619428,0.08333333333333333,11.0,48.0,920.0,0.5714285714285714,p90,p90
5021,1-3m,"Measuring from the closest point of each object, what is the distance between the table and the door (in meters)?",2.0,1.6655008317089492,1.9548581253941664,0.7,1.0,-0.30000000000000004,harm,accepted_candidate_mean,0.9543291446259288,3.6,0.5952461719512939,0.0,10.0,49.0,1150.0,1.0,p90,p90
5022,1-3m,"Measuring from the closest point of each object, what is the distance between the table and the window (in meters)?",1.1,1.4421954468104554,1.7253338193419085,0.4,0.0,0.4,benefit,accepted_candidate_mean,3.43791060689431,3.7,0.6291690071423849,0.0,9.0,47.0,920.0,0.8,median,median
5030,1-3m,"Measuring from the closest point of each object, what is the distance between the door and the mirror (in meters)?",1.9,1.4421945225880413,1.69848094212221,0.6,0.8,-0.20000000000000007,harm,accepted_candidate_mean,1.4833264057491018,3.8,0.5208222673219793,0.0,14.0,50.0,1840.0,0.8888888888888888,p90,p90
5032,1-3m,"Measuring from the closest point of each object, what is the distance between the backpack and the counter (in meters)?",1.0,1.9246410403258976,2.120028893112972,0.0,0.0,0.0,tie,accepted_candidate_mean,5.445650378392728,4.888888888888889,0.5024192810058594,0.0,9.0,24.0,690.0,0.42857142857142855,min,min
5035,1-3m,"Measuring from the closest point of each object, what is the distance between the table and the door (in meters)?",1.8,1.603148503492228,1.6753872750097116,0.8,0.9,-0.09999999999999998,harm,accepted_candidate_mean,0.8271086664943013,3.7,0.5475531245271364,0.0,10.0,62.0,1150.0,0.7142857142857143,p90,p90
5037,1-3m,"Measuring from the closest point of each object, what is the distance between the door and the window (in meters)?",1.9,1.2502037402027963,1.3524990864156217,0.4,0.5,-0.09999999999999998,harm,accepted_candidate_mean,2.5524111993104546,3.8181818181818183,0.5218814432621002,0.0,10.0,58.0,920.0,0.6666666666666666,p90,p90
5046,1-3m,"Measuring from the closest point of each object, what is the distance between the chair and the bed (in meters)?",1.0,0.7434437221004937,0.843437963836707,0.5,0.7,-0.19999999999999996,harm,accepted_candidate_mean,2.0403764009644547,3.8333333333333335,0.5884991370969348,0.0,14.0,63.0,1840.0,0.8,p90,p90
5048,1-3m,"Measuring from the closest point of each object, what is the distance between the table and the bed (in meters)?",1.0,0.4963871449855789,0.6224815864971245,0.0,0.3,-0.3,harm,accepted_candidate_mean,2.073084737503215,3.5384615384615383,0.5699657675894824,0.0,15.0,61.0,2300.0,0.8333333333333334,p90,p90
