experiment,fold,train_mra_percent,val_mra_percent,rule_json,val_quantile_counts_json
near_gate_cv,0,31.931818181818176,30.06451612903226,"{""family"": ""near_gate"", ""train_mra"": 0.3193181818181818, ""near_quantile"": ""p05"", ""threshold_p90"": 0.3065925673219046}","{""p90"": 155}"
near_gate_cv,1,31.847649918962723,30.38961038961039,"{""family"": ""near_gate"", ""train_mra"": 0.3184764991896272, ""near_quantile"": ""p05"", ""threshold_p90"": 0.3065925673219046}","{""p90"": 154}"
near_gate_cv,2,32.20421393841167,28.96103896103896,"{""family"": ""near_gate"", ""train_mra"": 0.3220421393841167, ""near_quantile"": ""p05"", ""threshold_p90"": 0.3065925673219046}","{""p90"": 154}"
near_gate_cv,3,30.599675850891412,35.38961038961039,"{""family"": ""near_gate"", ""train_mra"": 0.3059967585089141, ""near_quantile"": ""p05"", ""threshold_p90"": 0.3065925673219046}","{""p90"": 154}"
near_gate_cv,4,31.199351701782817,32.5974025974026,"{""family"": ""near_gate"", ""train_mra"": 0.3119935170178282, ""near_quantile"": ""p05"", ""threshold_p90"": 0.3782122232625908}","{""p05"": 1, ""p90"": 153}"
spread_gate_cv,0,32.11038961038961,30.06451612903226,"{""family"": ""spread_gate"", ""train_mra"": 0.3211038961038961, ""threshold_p90"": 0.724230016448925, ""threshold_spread"": 0.26264463491663403, ""tight_quantile"": ""p25"", ""loose_quantile"": ""p90""}","{""p90"": 155}"
spread_gate_cv,1,31.92868719611021,30.77922077922078,"{""family"": ""spread_gate"", ""train_mra"": 0.3192868719611021, ""threshold_p90"": 0.6930265861173388, ""threshold_spread"": 0.2686937530478547, ""tight_quantile"": ""p25"", ""loose_quantile"": ""p90""}","{""p25"": 3, ""p90"": 151}"
spread_gate_cv,2,32.38249594813614,28.96103896103896,"{""family"": ""spread_gate"", ""train_mra"": 0.3238249594813614, ""threshold_p90"": 0.7242622326456164, ""threshold_spread"": 0.255470500846867, ""tight_quantile"": ""p25"", ""loose_quantile"": ""p90""}","{""p25"": 1, ""p90"": 153}"
spread_gate_cv,3,30.696920583468394,35.714285714285715,"{""family"": ""spread_gate"", ""train_mra"": 0.30696920583468396, ""threshold_p90"": 0.6950210969966252, ""threshold_spread"": 0.2638518758032769, ""tight_quantile"": ""p25"", ""loose_quantile"": ""p90""}","{""p25"": 2, ""p90"": 152}"
spread_gate_cv,4,31.37763371150729,32.98701298701299,"{""family"": ""spread_gate"", ""train_mra"": 0.3137763371150729, ""threshold_p90"": 0.6935429623795363, ""threshold_spread"": 0.2638518758032769, ""tight_quantile"": ""p25"", ""loose_quantile"": ""p90""}","{""p90"": 154}"
stump_cv,0,32.646103896103895,31.032258064516128,"{""family"": ""stump"", ""train_mra"": 0.32646103896103895, ""feature"": ""skew"", ""threshold"": 8.86752098499299, ""left_quantile"": ""p90"", ""right_quantile"": ""p75""}","{""p75"": 3, ""p90"": 152}"
stump_cv,1,32.6418152350081,30.909090909090907,"{""family"": ""stump"", ""train_mra"": 0.32641815235008104, ""feature"": ""skew"", ""threshold"": 7.308855577788058, ""left_quantile"": ""p90"", ""right_quantile"": ""p75""}","{""p75"": 13, ""p90"": 141}"
stump_cv,2,33.20907617504052,28.96103896103896,"{""family"": ""stump"", ""train_mra"": 0.3320907617504052, ""feature"": ""skew"", ""threshold"": 8.658821831794008, ""left_quantile"": ""p90"", ""right_quantile"": ""p75""}","{""p75"": 5, ""p90"": 149}"
stump_cv,3,31.60453808752026,33.896103896103895,"{""family"": ""stump"", ""train_mra"": 0.3160453808752026, ""feature"": ""skew"", ""threshold"": 4.332240906957686, ""left_quantile"": ""p90"", ""right_quantile"": ""p75""}","{""p75"": 30, ""p90"": 124}"
stump_cv,4,32.042139384116695,31.493506493506494,"{""family"": ""stump"", ""train_mra"": 0.3204213938411669, ""feature"": ""accepted_candidate_mean"", ""threshold"": 2.6875, ""left_quantile"": ""p90"", ""right_quantile"": ""p75""}","{""p75"": 64, ""p90"": 90}"
tree_depth2_cv,0,33.08441558441559,32.903225806451616,"{""family"": ""tree_depth2"", ""train_mra"": 0.3308441558441559, ""min_leaf"": 20, ""tree"": {""type"": ""node"", ""feature"": ""skew"", ""threshold"": 8.050482738677227, ""count"": 616, ""left"": {""type"": ""node"", ""feature"": ""accepted_candidate_mean"", ""threshold"": 3.6971428571428575, ""count"": 580, ""left"": {""type"": ""leaf"", ""quantile"": ""p90"", ""count"": 543, ""train_mra"": 0.3228360957642726}, ""right"": {""type"": ""leaf"", ""quantile"": ""p75"", ""count"": 37, ""train_mra"": 0.4837837837837837}}, ""right"": {""type"": ""leaf"", ""quantile"": ""p75"", ""count"": 36, ""train_mra"": 0.29444444444444445}}}","{""p75"": 16, ""p90"": 139}"
tree_depth2_cv,1,33.22528363047002,31.68831168831169,"{""family"": ""tree_depth2"", ""train_mra"": 0.33225283630470015, ""min_leaf"": 20, ""tree"": {""type"": ""node"", ""feature"": ""accepted_candidate_mean"", ""threshold"": 3.648979591836734, ""count"": 617, ""left"": {""type"": ""node"", ""feature"": ""skew"", ""threshold"": 7.517655310910564, ""count"": 573, ""left"": {""type"": ""leaf"", ""quantile"": ""p90"", ""count"": 540, ""train_mra"": 0.32407407407407407}, ""right"": {""type"": ""leaf"", ""quantile"": ""p75"", ""count"": 33, ""train_mra"": 0.3181818181818182}}, ""right"": {""type"": ""node"", ""feature"": ""median"", ""threshold"": 1.0746766982203435, ""count"": 44, ""left"": {""type"": ""leaf"", ""quantile"": ""p75"", ""count"": 23, ""train_mra"": 0.4826086956521739}, ""right"": {""type"": ""leaf"", ""quantile"": ""median"", ""count"": 21, ""train_mra"": 0.4}}}}","{""median"": 2, ""p75"": 22, ""p90"": 130}"
tree_depth2_cv,2,34.100486223662884,28.50649350649351,"{""family"": ""tree_depth2"", ""train_mra"": 0.34100486223662885, ""min_leaf"": 20, ""tree"": {""type"": ""node"", ""feature"": ""skew"", ""threshold"": 8.029436859737972, ""count"": 617, ""left"": {""type"": ""node"", ""feature"": ""accepted_candidate_mean"", ""threshold"": 3.5394605394605394, ""count"": 581, ""left"": {""type"": ""leaf"", ""quantile"": ""p90"", ""count"": 521, ""train_mra"": 0.33320537428023034}, ""right"": {""type"": ""leaf"", ""quantile"": ""p75"", ""count"": 60, ""train_mra"": 0.4}}, ""right"": {""type"": ""leaf"", ""quantile"": ""p75"", ""count"": 36, ""train_mra"": 0.35555555555555557}}}","{""p75"": 18, ""p90"": 136}"
tree_depth2_cv,3,32.38249594813614,35.649350649350644,"{""family"": ""tree_depth2"", ""train_mra"": 0.3238249594813614, ""min_leaf"": 20, ""tree"": {""type"": ""node"", ""feature"": ""skew"", ""threshold"": 4.906216645220305, ""count"": 617, ""left"": {""type"": ""node"", ""feature"": ""accepted_candidate_mean"", ""threshold"": 3.6206043956043956, ""count"": 546, ""left"": {""type"": ""leaf"", ""quantile"": ""p90"", ""count"": 504, ""train_mra"": 0.3117063492063492}, ""right"": {""type"": ""leaf"", ""quantile"": ""p75"", ""count"": 42, ""train_mra"": 0.44047619047619047}}, ""right"": {""type"": ""node"", ""feature"": ""lower_tail"", ""threshold"": 0.1455890263308339, ""count"": 71, ""left"": {""type"": ""leaf"", ""quantile"": ""p75"", ""count"": 48, ""train_mra"": 0.375}, ""right"": {""type"": ""leaf"", ""quantile"": ""p90"", ""count"": 23, ""train_mra"": 0.26956521739130435}}}}","{""p75"": 33, ""p90"": 121}"
tree_depth2_cv,4,32.94975688816856,33.96103896103896,"{""family"": ""tree_depth2"", ""train_mra"": 0.3294975688816856, ""min_leaf"": 20, ""tree"": {""type"": ""node"", ""feature"": ""accepted_candidate_mean"", ""threshold"": 3.0772893772893775, ""count"": 617, ""left"": {""type"": ""node"", ""feature"": ""skew"", ""threshold"": 7.944626958996071, ""count"": 474, ""left"": {""type"": ""leaf"", ""quantile"": ""p90"", ""count"": 446, ""train_mra"": 0.32488789237668164}, ""right"": {""type"": ""leaf"", ""quantile"": ""p75"", ""count"": 28, ""train_mra"": 0.2785714285714286}}, ""right"": {""type"": ""node"", ""feature"": ""iqr_norm"", ""threshold"": 0.4390572735320102, ""count"": 143, ""left"": {""type"": ""leaf"", ""quantile"": ""p75"", ""count"": 102, ""train_mra"": 0.36176470588235293}, ""right"": {""type"": ""leaf"", ""quantile"": ""p90"", ""count"": 41, ""train_mra"": 0.33414634146341465}}}}","{""p75"": 33, ""p90"": 121}"
