name,clean_mode,fit_count,status,weight_mode,test_mra_percent,train_mra_percent,test_p75_count,test_benefit,test_tie,test_harm,test_switch_delta_sum,threshold,far_guard_proxy,far_guard_threshold
quality_loose:decision_tree_delta_d3,quality_loose,593,ok,delta,33.11735941320293,31.327231121281468,103,44,28,31,11.100000000000009,0.09099205385336066,,
quality_loose:decision_tree_delta_d3:far_guard,quality_loose,593,ok,delta,33.11735941320293,31.327231121281468,103,44,28,31,11.100000000000009,0.09099205385336066,,
non_tie:lgbm_delta:delta_quality,non_tie,509,ok,delta_quality,32.872860635696824,32.0747520976354,151,45,52,54,9.100000000000007,0.08233603585936566,,
non_tie:lgbm_delta:far_guard:delta_quality,non_tie,509,ok,delta_quality,32.872860635696824,32.10526315789474,151,45,52,54,9.100000000000007,0.08233603585936566,p75,3.0
switch_relevant:lgbm_delta:delta_quality,switch_relevant,509,ok,delta_quality,32.872860635696824,32.0747520976354,151,45,52,54,9.100000000000007,0.08233603585936566,,
switch_relevant:lgbm_delta:far_guard:delta_quality,switch_relevant,509,ok,delta_quality,32.872860635696824,32.10526315789474,151,45,52,54,9.100000000000007,0.08233603585936566,p75,3.0
none:gbrt_delta:delta_quality,none,1311,ok,delta_quality,32.775061124694375,32.21967963386728,104,37,29,38,8.300000000000002,0.08975239013197607,,
quality_loose:decision_tree_delta_d3:far_guard:delta_quality,quality_loose,593,ok,delta_quality,32.71393643031785,30.892448512585812,163,43,68,52,7.800000000000006,0.12226952480815084,median,1.2
drop_far_proxy:logistic_switch:quality,drop_far_proxy,1297,ok,quality,32.67726161369193,30.816170861937454,81,32,20,29,7.500000000000001,0.7246626110152207,,
quality_loose:decision_tree_delta_d3:quality,quality_loose,593,ok,quality,32.67726161369193,31.250953470633107,100,38,26,36,7.500000000000003,-0.024087915304013992,,
quality_loose:decision_tree_delta_d3:far_guard:quality,quality_loose,593,ok,quality,32.67726161369193,31.250953470633107,100,38,26,36,7.500000000000003,-0.024087915304013992,,
quality_loose:random_forest_delta:delta_quality,quality_loose,593,ok,delta_quality,32.677261613691925,31.762013729977117,190,51,78,61,7.500000000000002,0.048351316898464634,,
quality_loose:random_forest_delta:far_guard:delta_quality,quality_loose,593,ok,delta_quality,32.677261613691925,31.79252479023646,189,51,77,61,7.500000000000002,0.04835131689846464,p75,3.0
quality_loose:logistic_switch:far_guard:delta_quality,quality_loose,593,ok,delta_quality,32.66503667481662,31.07551487414188,138,47,41,50,7.400000000000003,0.7525228745529223,p75,3.0
none:logistic_switch:quality,none,1311,ok,quality,32.65281173594132,30.854309687261633,87,34,22,31,7.300000000000001,0.72205748205997,,
quality_loose:logistic_switch:far_guard,quality_loose,593,ok,delta,32.65281173594132,30.976353928299012,166,54,51,61,7.299999999999999,0.7292665863171487,median,2.0
none:decision_tree_delta_d2:delta_quality,none,1311,ok,delta_quality,32.62836185819071,31.197559115179253,158,49,47,62,7.100000000000002,0.07760115406651753,,
none:decision_tree_delta_d2:far_guard:delta_quality,none,1311,ok,delta_quality,32.62836185819071,31.197559115179253,158,49,47,62,7.100000000000002,0.07760115406651753,,
none:decision_tree_delta_d3:delta_quality,none,1311,ok,delta_quality,32.62836185819071,31.197559115179253,158,49,47,62,7.100000000000002,0.025082269998513436,,
none:decision_tree_delta_d3:far_guard:delta_quality,none,1311,ok,delta_quality,32.62836185819071,31.197559115179253,158,49,47,62,7.100000000000002,0.025082269998513436,,
quality_loose:logistic_switch:delta_quality,quality_loose,593,ok,delta_quality,32.62836185819071,31.06025934401221,141,48,42,51,7.100000000000002,0.7525228745529223,,
none:lgbm_delta:quality,none,1311,ok,quality,32.6161369193154,32.33409610983982,213,61,66,86,7.000000000000003,-0.01859350755904162,,
none:lgbm_delta:far_guard:quality,none,1311,ok,quality,32.6161369193154,32.364607170099156,213,61,66,86,7.000000000000003,-0.018593507559041628,p75,3.0
quality_loose:decision_tree_delta_d2,quality_loose,593,ok,delta,32.6161369193154,30.648360030511064,32,18,7,7,7.000000000000002,0.3429499072356215,,
quality_loose:decision_tree_delta_d2:delta_quality,quality_loose,593,ok,delta_quality,32.6161369193154,30.648360030511064,32,18,7,7,7.000000000000002,0.4264546993871965,,
non_tie:decision_tree_delta_d2,non_tie,509,ok,delta,32.603911980440095,31.144164759725395,155,49,48,58,6.900000000000003,0.12369487908961596,,
non_tie:decision_tree_delta_d2:far_guard,non_tie,509,ok,delta,32.603911980440095,31.144164759725395,155,49,48,58,6.900000000000003,0.12369487908961596,,
switch_relevant:decision_tree_delta_d2,switch_relevant,509,ok,delta,32.603911980440095,31.144164759725395,155,49,48,58,6.900000000000003,0.12369487908961596,,
switch_relevant:decision_tree_delta_d2:far_guard,switch_relevant,509,ok,delta,32.603911980440095,31.144164759725395,155,49,48,58,6.900000000000003,0.12369487908961596,,
quality_loose:logistic_switch,quality_loose,593,ok,delta,32.603911980440095,30.9534706331045,171,55,53,63,6.899999999999999,0.7292665863171487,,
non_tie:lgbm_delta,non_tie,509,ok,delta,32.51833740831296,32.06712433257056,135,39,44,52,6.200000000000001,0.08756895768419318,,
switch_relevant:lgbm_delta,switch_relevant,509,ok,delta,32.51833740831296,32.06712433257056,135,39,44,52,6.200000000000001,0.08756895768419318,,
quality_loose:decision_tree_delta_d3:delta_quality,quality_loose,593,ok,delta_quality,32.51833740831296,30.770404271548436,233,54,103,76,6.2000000000000055,0.12226952480815084,,
non_tie:gbrt_delta:delta_quality,non_tie,509,ok,delta_quality,32.506112469437646,32.013729977116704,153,46,44,63,6.1,0.0858964276141794,,
non_tie:gbrt_delta:far_guard:delta_quality,non_tie,509,ok,delta_quality,32.506112469437646,32.013729977116704,153,46,44,63,6.1,0.0858964276141794,,
switch_relevant:gbrt_delta:delta_quality,switch_relevant,509,ok,delta_quality,32.506112469437646,32.013729977116704,153,46,44,63,6.1,0.0858964276141794,,
switch_relevant:gbrt_delta:far_guard:delta_quality,switch_relevant,509,ok,delta_quality,32.506112469437646,32.013729977116704,153,46,44,63,6.1,0.0858964276141794,,
drop_far_proxy:gbrt_delta:delta_quality,drop_far_proxy,1297,ok,delta_quality,32.506112469437646,32.14340198321892,104,33,36,35,6.099999999999998,0.08127161797672094,,
none:logistic_switch:delta_quality,none,1311,ok,delta_quality,32.48166259168704,31.006864988558352,76,26,20,30,5.8999999999999995,0.8840330010386536,,
none:logistic_switch:far_guard:delta_quality,none,1311,ok,delta_quality,32.48166259168704,31.006864988558352,76,26,20,30,5.8999999999999995,0.8840330010386536,,
non_tie_quality_loose:logistic_switch:far_guard:delta_quality,non_tie_quality_loose,271,ok,delta_quality,32.46943765281174,31.029748283752866,152,46,51,55,5.799999999999999,0.6294045149733608,p75,2.5
none:lgbm_delta,none,1311,ok,delta,32.45721271393643,32.265446224256294,196,52,69,75,5.700000000000001,0.03379678272618848,,
none:lgbm_delta:far_guard,none,1311,ok,delta,32.45721271393643,32.29595728451564,196,52,69,75,5.700000000000001,0.03379678272618848,p75,3.0
quality_strict:logistic_switch:quality,quality_strict,390,ok,quality,32.45721271393643,30.90007627765065,50,24,9,17,5.700000000000001,0.6628443637838887,,
quality_strict:logistic_switch:far_guard:quality,quality_strict,390,ok,quality,32.45721271393643,30.90007627765065,50,24,9,17,5.700000000000001,0.6628443637838887,,
non_tie_quality_loose:logistic_switch:far_guard,non_tie_quality_loose,271,ok,delta,32.45721271393643,31.06025934401221,193,54,68,71,5.699999999999999,0.598985800410521,p75,2.5
drop_far_proxy:decision_tree_delta_d3,drop_far_proxy,1297,ok,delta,32.44498777506112,30.983981693363848,53,19,17,17,5.599999999999999,0.2039610113315716,,
drop_far_proxy:decision_tree_delta_d3:delta_quality,drop_far_proxy,1297,ok,delta_quality,32.44498777506112,30.983981693363848,53,19,17,17,5.599999999999999,0.20446236785266128,,
none:gbrt_delta:quality,none,1311,ok,quality,32.432762836185816,32.22730739893211,155,44,47,64,5.5,-0.014387285193190552,,
none:gbrt_delta:far_guard:quality,none,1311,ok,quality,32.432762836185816,32.22730739893211,155,44,47,64,5.5,-0.014387285193190552,,
drop_far_proxy:logistic_switch:far_guard:quality,drop_far_proxy,1297,ok,quality,32.432762836185816,30.854309687261633,73,27,19,27,5.500000000000001,0.7246626110152207,p90,2.5
non_tie_quality_loose:logistic_switch:delta_quality,non_tie_quality_loose,271,ok,delta_quality,32.432762836185816,30.976353928299012,156,47,53,56,5.500000000000001,0.6294045149733608,,
non_tie:lgbm_delta:quality,non_tie,509,ok,quality,32.42053789731052,32.151029748283754,220,59,73,88,5.400000000000001,-0.018503703487751783,,
non_tie:lgbm_delta:far_guard:quality,non_tie,509,ok,quality,32.42053789731052,32.18916857360794,219,59,72,88,5.400000000000001,-0.018503703487751783,median,2.0
switch_relevant:lgbm_delta:quality,switch_relevant,509,ok,quality,32.42053789731052,32.151029748283754,220,59,73,88,5.400000000000001,-0.018503703487751783,,
switch_relevant:lgbm_delta:far_guard:quality,switch_relevant,509,ok,quality,32.42053789731052,32.18916857360794,219,59,72,88,5.400000000000001,-0.018503703487751783,median,2.0
non_tie_quality_loose:logistic_switch,non_tie_quality_loose,271,ok,delta,32.42053789731052,31.006864988558352,197,55,70,72,5.3999999999999995,0.598985800410521,,
none:logistic_switch:far_guard:quality,none,1311,ok,quality,32.40831295843521,30.861937452326472,78,29,20,29,5.300000000000002,0.72205748205997,p90,2.5
non_tie:decision_tree_delta_d2:delta_quality,non_tie,509,ok,delta_quality,32.40831295843521,30.999237223493516,182,52,56,74,5.3000000000000025,0.10338827874495034,,
switch_relevant:decision_tree_delta_d2:delta_quality,switch_relevant,509,ok,delta_quality,32.40831295843521,30.999237223493516,182,52,56,74,5.3000000000000025,0.10338827874495034,,
non_tie_quality_loose:logistic_switch:far_guard:quality,non_tie_quality_loose,271,ok,quality,32.40831295843521,31.006864988558352,118,38,35,45,5.3,0.6193244966388667,median,2.0
none:decision_tree_delta_d2,none,1311,ok,delta,32.396088019559905,31.006864988558352,164,46,53,65,5.2,0.07375176133217484,,
none:decision_tree_delta_d2:far_guard,none,1311,ok,delta,32.396088019559905,31.006864988558352,164,46,53,65,5.2,0.07375176133217484,,
none:decision_tree_delta_d3,none,1311,ok,delta,32.396088019559905,31.006864988558352,164,46,53,65,5.2,0.02390903360074615,,
none:decision_tree_delta_d3:far_guard,none,1311,ok,delta,32.396088019559905,31.006864988558352,164,46,53,65,5.2,0.02390903360074615,,
none:gbrt_delta:far_guard:delta_quality,none,1311,ok,delta_quality,32.396088019559905,32.23493516399695,174,47,57,70,5.2,0.044162786987041534,p75,2.5
non_tie:random_forest_delta:quality,non_tie,509,ok,quality,32.396088019559905,31.998474446987036,304,75,115,114,5.200000000000001,-0.043538477911515355,,
non_tie:random_forest_delta:far_guard:quality,non_tie,509,ok,quality,32.396088019559905,32.028985507246375,303,75,114,114,5.200000000000001,-0.04353847791151537,p75,3.0
non_tie:gbrt_delta:quality,non_tie,509,ok,quality,32.396088019559905,32.0976353928299,158,46,45,67,5.2,0.008756892423452657,,
non_tie:gbrt_delta:far_guard:quality,non_tie,509,ok,quality,32.396088019559905,32.13577421815408,156,46,43,67,5.2,0.008756892423452657,median,2.0
switch_relevant:random_forest_delta:quality,switch_relevant,509,ok,quality,32.396088019559905,31.998474446987036,304,75,115,114,5.200000000000001,-0.04353847791151536,,
switch_relevant:random_forest_delta:far_guard:quality,switch_relevant,509,ok,quality,32.396088019559905,32.028985507246375,303,75,114,114,5.200000000000001,-0.04353847791151537,p75,3.0
switch_relevant:gbrt_delta:quality,switch_relevant,509,ok,quality,32.396088019559905,32.0976353928299,158,46,45,67,5.2,0.008756892423452657,,
switch_relevant:gbrt_delta:far_guard:quality,switch_relevant,509,ok,quality,32.396088019559905,32.13577421815408,156,46,43,67,5.2,0.008756892423452657,median,2.0
quality_loose:lgbm_delta:delta_quality,quality_loose,593,ok,delta_quality,32.396088019559905,31.708619374523263,175,48,61,66,5.2,0.04452452597980257,,
quality_loose:lgbm_delta:far_guard:delta_quality,quality_loose,593,ok,delta_quality,32.396088019559905,31.73913043478261,172,48,58,66,5.2,0.04452452597980257,p75,2.5
none:decision_tree_delta_d3:quality,none,1311,ok,quality,32.38386308068459,31.365369946605643,94,32,24,38,5.099999999999999,0.021997007627074582,,
none:decision_tree_delta_d3:far_guard:quality,none,1311,ok,quality,32.38386308068459,31.365369946605643,94,32,24,38,5.099999999999999,0.021997007627074582,,
drop_far_proxy:logistic_switch:delta_quality,drop_far_proxy,1297,ok,delta_quality,32.37163814180929,30.99923722349352,82,27,21,34,4.999999999999999,0.87850253152961,,
quality_strict:random_forest_delta,quality_strict,390,ok,delta,32.371638141809285,31.456903127383672,67,23,23,21,5.0,0.09414070689370042,,
quality_strict:random_forest_delta:far_guard,quality_strict,390,ok,delta,32.371638141809285,31.456903127383672,67,23,23,21,5.0,0.09414070689370044,,
non_tie_quality_loose:logistic_switch:quality,non_tie_quality_loose,271,ok,quality,32.35941320293399,30.945842868039662,123,39,37,47,4.9,0.6193244966388667,,
quality_loose:lgbm_delta,quality_loose,593,ok,delta,32.359413202933986,31.762013729977117,97,31,31,35,4.8999999999999995,0.08766913873920089,,
quality_loose:lgbm_delta:far_guard,quality_loose,593,ok,delta,32.359413202933986,31.79252479023646,96,31,30,35,4.8999999999999995,0.08766913873920089,p75,2.5
non_tie_quality_loose:gbrt_delta:delta_quality,non_tie_quality_loose,271,ok,delta_quality,32.359413202933986,31.68573607932876,94,32,25,37,4.900000000000003,0.14065366644858943,,
non_tie_quality_loose:gbrt_delta:far_guard:delta_quality,non_tie_quality_loose,271,ok,delta_quality,32.359413202933986,31.69336384439359,93,32,24,37,4.900000000000003,0.14065366644858943,p75,2.5
none:xgb_delta:quality,none,1311,ok,quality,32.34718826405869,32.0976353928299,141,44,38,59,4.799999999999999,-0.002582917275803123,,
none:xgb_delta:far_guard:quality,none,1311,ok,quality,32.34718826405869,32.0976353928299,141,44,38,59,4.799999999999999,-0.002582917275803123,,
drop_far_proxy:gbrt_delta:far_guard:delta_quality,drop_far_proxy,1297,ok,delta_quality,32.334963325183374,32.173913043478265,97,30,32,35,4.699999999999999,0.08127161797672094,p90,2.5
quality_loose:random_forest_delta,quality_loose,593,ok,delta,32.31051344743276,31.937452326468346,169,49,56,64,4.499999999999998,0.04430878831623573,,
quality_loose:random_forest_delta:far_guard,quality_loose,593,ok,delta,32.31051344743276,31.96796338672769,168,49,55,64,4.499999999999998,0.044308788316235734,p75,3.0
drop_far_proxy:lgbm_delta:delta_quality,drop_far_proxy,1297,ok,delta_quality,32.29828850855746,32.173913043478265,146,41,47,58,4.399999999999999,0.0434293694447438,,
none:xgb_delta:delta_quality,none,1311,ok,delta_quality,32.27383863080684,31.91456903127384,182,47,69,66,4.199999999999999,0.04901776387344433,,
none:xgb_delta:far_guard:delta_quality,none,1311,ok,delta_quality,32.27383863080684,31.94508009153318,182,47,69,66,4.199999999999999,0.04901776387344433,p75,3.0
non_tie:decision_tree_delta_d3,non_tie,509,ok,delta,32.27383863080684,31.197559115179253,226,56,81,89,4.199999999999999,0.07326453090307064,,
non_tie:decision_tree_delta_d3:far_guard,non_tie,509,ok,delta,32.27383863080684,31.228070175438592,223,56,78,89,4.199999999999999,0.07326453090307064,p75,2.5
switch_relevant:decision_tree_delta_d3,switch_relevant,509,ok,delta,32.27383863080684,31.197559115179253,226,56,81,89,4.199999999999999,0.07326453090307064,,
switch_relevant:decision_tree_delta_d3:far_guard,switch_relevant,509,ok,delta,32.27383863080684,31.228070175438592,223,56,78,89,4.199999999999999,0.07326453090307064,p75,2.5
drop_far_proxy:decision_tree_delta_d3:far_guard,drop_far_proxy,1297,ok,delta,32.27383863080684,30.999237223493516,50,16,17,17,4.2,0.2039610113315716,p90,2.5
drop_far_proxy:decision_tree_delta_d3:far_guard:delta_quality,drop_far_proxy,1297,ok,delta_quality,32.27383863080684,30.999237223493516,50,16,17,17,4.2,0.20446236785266128,p90,2.5
quality_strict:random_forest_delta:delta_quality,quality_strict,390,ok,delta_quality,32.26161369193154,31.46453089244851,68,21,25,22,4.099999999999999,0.09617154599682155,,
quality_strict:random_forest_delta:far_guard:delta_quality,quality_strict,390,ok,delta_quality,32.26161369193154,31.46453089244851,68,21,25,22,4.099999999999999,0.09617154599682154,,
non_tie_quality_strict:logistic_switch:quality,non_tie_quality_strict,185,ok,quality,32.26161369193154,31.10602593440122,90,32,21,37,4.099999999999999,0.5831343584090204,,
non_tie_quality_strict:logistic_switch:far_guard:quality,non_tie_quality_strict,185,ok,quality,32.26161369193154,31.113653699466052,89,32,20,37,4.099999999999999,0.5831343584090204,p75,2.5
drop_far_proxy:ridge_delta:far_guard:delta_quality,drop_far_proxy,1297,ok,delta_quality,32.24938875305624,31.426392067124333,127,34,51,42,3.999999999999999,0.12240771108773707,median,2.0
quality_loose:gbrt_delta:delta_quality,quality_loose,593,ok,delta_quality,32.24938875305624,31.80778032036613,88,28,28,32,3.999999999999999,0.1086349073597474,,
quality_loose:gbrt_delta:far_guard:delta_quality,quality_loose,593,ok,delta_quality,32.24938875305624,31.84591914569031,88,28,28,32,3.999999999999999,0.1086349073597474,p75,2.5
quality_strict:decision_tree_delta_d3,quality_strict,390,ok,delta,32.24938875305624,30.60259344012205,137,45,31,61,3.9999999999999973,0.18017815676272403,,
quality_strict:decision_tree_delta_d3:delta_quality,quality_strict,390,ok,delta_quality,32.24938875305624,30.60259344012205,137,45,31,61,3.9999999999999973,0.15846745109761431,,
quality_strict:xgb_delta:quality,quality_strict,390,ok,quality,32.24938875305624,31.777269260106788,75,24,21,30,3.999999999999999,0.019614820851932602,,
quality_strict:xgb_delta:far_guard:quality,quality_strict,390,ok,quality,32.24938875305624,31.777269260106788,75,24,21,30,3.999999999999999,0.019614820851932602,,
non_tie_quality_loose:ridge_delta:far_guard:quality,non_tie_quality_loose,271,ok,quality,32.24938875305623,31.197559115179253,162,49,54,59,4.000000000000001,0.04372461613796284,median,2.0
drop_far_proxy:ridge_delta:delta_quality,drop_far_proxy,1297,ok,delta_quality,32.23716381418094,31.37299771167048,131,34,54,43,3.8999999999999977,0.12240771108773707,,
non_tie:logistic_switch:far_guard:delta_quality,non_tie,509,ok,delta_quality,32.23716381418093,31.250953470633107,226,55,85,86,3.8999999999999977,0.6349364539771971,median,2.0
switch_relevant:logistic_switch:far_guard:delta_quality,switch_relevant,509,ok,delta_quality,32.23716381418093,31.250953470633107,226,55,85,86,3.8999999999999977,0.6349364539771971,median,2.0
none:xgb_delta,none,1311,ok,delta,32.224938875305625,32.036613272311214,236,61,86,89,3.8000000000000016,0.01822241475876375,,
none:xgb_delta:far_guard,none,1311,ok,delta,32.224938875305625,32.06712433257056,236,61,86,89,3.8000000000000016,0.01822241475876375,p75,3.0
non_tie:decision_tree_delta_d3:delta_quality,non_tie,509,ok,delta_quality,32.224938875305625,31.083142639206713,93,30,25,38,3.7999999999999967,0.2097442989365481,,
switch_relevant:decision_tree_delta_d3:delta_quality,switch_relevant,509,ok,delta_quality,32.224938875305625,31.083142639206713,93,30,25,38,3.7999999999999967,0.2097442989365481,,
quality_loose:gbrt_delta,quality_loose,593,ok,delta,32.224938875305625,31.79252479023646,119,32,48,39,3.799999999999999,0.08765559069421575,,
quality_loose:gbrt_delta:far_guard,quality_loose,593,ok,delta,32.224938875305625,31.823035850495806,118,32,47,39,3.799999999999999,0.08765559069421575,p75,2.5
quality_strict:xgb_delta:delta_quality,quality_strict,390,ok,delta_quality,32.224938875305625,30.488176964149506,27,13,3,11,3.8000000000000003,0.16075697390339042,,
non_tie_quality_strict:decision_tree_delta_d2:delta_quality,non_tie_quality_strict,185,ok,delta_quality,32.224938875305625,30.640732265446225,131,39,38,54,3.7999999999999976,0.21856584734161139,,
non_tie_quality_strict:decision_tree_delta_d2:far_guard:delta_quality,non_tie_quality_strict,185,ok,delta_quality,32.224938875305625,30.640732265446225,131,39,38,54,3.7999999999999976,0.21856584734161139,,
non_tie_quality_strict:decision_tree_delta_d3:delta_quality,non_tie_quality_strict,185,ok,delta_quality,32.224938875305625,30.640732265446225,131,39,38,54,3.7999999999999976,0.28132319712223697,,
non_tie_quality_strict:decision_tree_delta_d3:far_guard:delta_quality,non_tie_quality_strict,185,ok,delta_quality,32.224938875305625,30.640732265446225,131,39,38,54,3.7999999999999976,0.28132319712223697,,
non_tie:logistic_switch:delta_quality,non_tie,509,ok,delta_quality,32.20048899755501,31.189931350114414,235,57,90,88,3.5999999999999974,0.6349364539771971,,
switch_relevant:logistic_switch:delta_quality,switch_relevant,509,ok,delta_quality,32.20048899755501,31.189931350114414,235,57,90,88,3.5999999999999974,0.6349364539771971,,
drop_far_proxy:lgbm_delta,drop_far_proxy,1297,ok,delta,32.20048899755501,32.1815408085431,136,37,47,52,3.5999999999999983,0.05757431943385756,,
quality_loose:logistic_switch:far_guard:quality,quality_loose,593,ok,quality,32.20048899755501,30.831426392067122,114,40,24,50,3.5999999999999996,0.5882555438380704,p75,2.5
quality_loose:lgbm_delta:quality,quality_loose,593,ok,quality,32.20048899755501,32.02135774218154,110,35,34,41,3.5999999999999988,0.007309148095144547,,
quality_loose:lgbm_delta:far_guard:quality,quality_loose,593,ok,quality,32.20048899755501,32.051868802440886,109,35,33,41,3.5999999999999988,0.007309148095144551,p75,3.0
non_tie_quality_loose:ridge_delta:quality,non_tie_quality_loose,271,ok,quality,32.20048899755501,31.12890922959573,168,50,57,61,3.6000000000000005,0.04372461613796284,,
none:lgbm_delta:delta_quality,none,1311,ok,delta_quality,32.18826405867971,32.082379862700236,249,62,88,99,3.499999999999999,0.007588098474736836,,
none:lgbm_delta:far_guard:delta_quality,none,1311,ok,delta_quality,32.18826405867971,32.12051868802441,249,62,88,99,3.499999999999999,0.007588098474736836,median,2.0
non_tie:random_forest_delta:delta_quality,non_tie,509,ok,delta_quality,32.18826405867971,31.983218916857364,227,56,79,92,3.4999999999999987,0.03262901266781051,,
non_tie:random_forest_delta:far_guard:delta_quality,non_tie,509,ok,delta_quality,32.18826405867971,32.013729977116704,227,56,79,92,3.4999999999999987,0.03262901266781049,p75,3.0
switch_relevant:random_forest_delta:delta_quality,switch_relevant,509,ok,delta_quality,32.18826405867971,31.983218916857364,227,56,79,92,3.4999999999999987,0.0326290126678105,,
switch_relevant:random_forest_delta:far_guard:delta_quality,switch_relevant,509,ok,delta_quality,32.18826405867971,32.013729977116704,227,56,79,92,3.4999999999999987,0.0326290126678105,p75,3.0
drop_far_proxy:lgbm_delta:far_guard:delta_quality,drop_far_proxy,1297,ok,delta_quality,32.18826405867971,32.23493516399695,137,38,43,56,3.4999999999999987,0.0434293694447438,p90,2.5
non_tie_quality_strict:xgb_delta:quality,non_tie_quality_strict,185,ok,quality,32.18826405867971,31.670480549199088,103,30,31,42,3.4999999999999982,0.0471741269472279,,
non_tie_quality_strict:xgb_delta:far_guard:quality,non_tie_quality_strict,185,ok,quality,32.18826405867971,31.670480549199088,103,30,31,42,3.4999999999999982,0.0471741269472279,,
none:gbrt_delta:far_guard,none,1311,ok,delta,32.17603911980441,32.257818459191455,195,47,69,79,3.4,0.02356917165973242,p75,2.5
non_tie_quality_loose:ridge_delta:far_guard:delta_quality,non_tie_quality_loose,271,ok,delta_quality,32.1760391198044,31.06788710907705,85,27,30,28,3.3999999999999995,0.2365861659011463,p75,3.0
none:gbrt_delta,none,1311,ok,delta,32.163814180929094,32.22730739893211,198,47,71,80,3.3000000000000003,0.02356917165973242,,
quality_strict:lgbm_delta:delta_quality,quality_strict,390,ok,delta_quality,32.163814180929094,31.441647597254008,88,26,29,33,3.3000000000000007,0.10902188460161655,,
quality_strict:lgbm_delta:quality,quality_strict,390,ok,quality,32.163814180929094,31.73150266971777,92,29,25,38,3.2999999999999994,0.011946708601046277,,
quality_strict:lgbm_delta:far_guard:delta_quality,quality_strict,390,ok,delta_quality,32.163814180929094,31.441647597254008,88,26,29,33,3.3000000000000007,0.10902188460161655,,
quality_strict:lgbm_delta:far_guard:quality,quality_strict,390,ok,quality,32.163814180929094,31.73150266971777,92,29,25,38,3.2999999999999994,0.011946708601046277,,
none:random_forest_delta:delta_quality,none,1311,ok,delta_quality,32.15158924205379,32.196796338672776,204,52,67,85,3.2000000000000006,0.006029530240874296,,
none:random_forest_delta:far_guard:delta_quality,none,1311,ok,delta_quality,32.15158924205379,32.196796338672776,204,52,67,85,3.2000000000000006,0.006029530240874298,,
non_tie:decision_tree_delta_d2:far_guard:delta_quality,non_tie,509,ok,delta_quality,32.15158924205379,31.006864988558352,176,48,54,74,3.199999999999998,0.10338827874495034,p90,2.5
switch_relevant:decision_tree_delta_d2:far_guard:delta_quality,switch_relevant,509,ok,delta_quality,32.15158924205379,31.006864988558352,176,48,54,74,3.199999999999998,0.10338827874495034,p90,2.5
quality_loose:ridge_delta:far_guard:quality,quality_loose,593,ok,quality,32.15158924205379,30.945842868039662,122,37,47,38,3.1999999999999993,0.03436427299172849,p75,2.5
quality_loose:logistic_switch:quality,quality_loose,593,ok,quality,32.15158924205379,30.816170861937454,116,40,25,51,3.1999999999999997,0.5882555438380704,,
drop_far_proxy:lgbm_delta:quality,drop_far_proxy,1297,ok,quality,32.13936430317848,32.311212814645316,230,57,82,91,3.100000000000001,-0.020538023522961888,,
none:random_forest_delta:quality,none,1311,ok,quality,32.12713936430318,31.96796338672769,192,53,56,83,3.0000000000000013,-0.029503732381948266,,
none:random_forest_delta:far_guard:quality,none,1311,ok,quality,32.12713936430318,31.96796338672769,192,53,56,83,3.0000000000000013,-0.029503732381948262,,
non_tie:xgb_delta:quality,non_tie,509,ok,quality,32.12713936430318,32.19679633867277,150,44,42,64,2.999999999999998,0.013281369051318317,,
non_tie:xgb_delta:far_guard:quality,non_tie,509,ok,quality,32.12713936430318,32.22730739893211,150,44,42,64,2.999999999999998,0.013281369051318317,p75,2.5
switch_relevant:xgb_delta:quality,switch_relevant,509,ok,quality,32.12713936430318,32.19679633867277,150,44,42,64,2.999999999999998,0.013281369051318317,,
switch_relevant:xgb_delta:far_guard:quality,switch_relevant,509,ok,quality,32.12713936430318,32.22730739893211,150,44,42,64,2.999999999999998,0.013281369051318317,p75,2.5
non_tie_quality_loose:ridge_delta:far_guard,non_tie_quality_loose,271,ok,delta,32.12713936430318,31.006864988558352,238,64,89,85,2.999999999999999,0.029691614400732997,p75,2.0
non_tie_quality_loose:gbrt_delta:quality,non_tie_quality_loose,271,ok,quality,32.12713936430318,32.059496567505725,115,34,35,46,2.9999999999999996,0.03506372230827781,,
non_tie_quality_loose:gbrt_delta:far_guard:quality,non_tie_quality_loose,271,ok,quality,32.12713936430318,32.09000762776507,115,34,35,46,2.9999999999999996,0.03506372230827781,p75,2.5
none:ridge_delta:far_guard:delta_quality,none,1311,ok,delta_quality,32.127139364303176,31.449275362318847,168,43,64,61,2.9999999999999996,0.09013038332654962,median,2.0
drop_far_proxy:decision_tree_delta_d2,drop_far_proxy,1297,ok,delta,32.127139364303176,30.808543096872615,139,35,52,52,2.9999999999999982,0.035145384003058826,,
drop_far_proxy:decision_tree_delta_d2:delta_quality,drop_far_proxy,1297,ok,delta_quality,32.127139364303176,30.808543096872615,139,35,52,52,2.9999999999999982,0.030303932251083715,,
non_tie_quality_strict:lgbm_delta,non_tie_quality_strict,185,ok,delta,32.11491442542788,31.456903127383672,41,15,10,16,2.9,0.1890785493104881,,
non_tie_quality_strict:lgbm_delta:far_guard,non_tie_quality_strict,185,ok,delta,32.11491442542788,31.456903127383672,41,15,10,16,2.9,0.1890785493104881,,
quality_loose:ridge_delta:quality,quality_loose,593,ok,quality,32.11491442542787,30.892448512585812,126,38,49,39,2.8999999999999995,0.03436427299172849,,
non_tie:xgb_delta:far_guard,non_tie,509,ok,delta,32.10268948655257,32.09000762776507,248,61,87,100,2.799999999999999,0.02906053581664079,p75,2.0
switch_relevant:xgb_delta:far_guard,switch_relevant,509,ok,delta,32.10268948655257,32.09000762776507,248,61,87,100,2.799999999999999,0.02906053581664079,p75,2.0
non_tie_quality_strict:logistic_switch:delta_quality,non_tie_quality_strict,185,ok,delta_quality,32.10268948655257,31.2280701754386,95,31,26,38,2.7999999999999994,0.63163581062391,,
non_tie_quality_strict:logistic_switch:far_guard:delta_quality,non_tie_quality_strict,185,ok,delta_quality,32.10268948655257,31.2280701754386,95,31,26,38,2.7999999999999994,0.63163581062391,,
non_tie_quality_strict:gbrt_delta:quality,non_tie_quality_strict,185,ok,quality,32.10268948655257,31.73913043478261,146,36,57,53,2.8000000000000003,0.04514385680748546,,
non_tie_quality_strict:gbrt_delta:far_guard:quality,non_tie_quality_strict,185,ok,quality,32.10268948655257,31.76964149504195,146,36,57,53,2.8000000000000003,0.04514385680748546,p75,2.5
none:decision_tree_delta_d2:quality,none,1311,ok,quality,32.090464547677264,30.72463768115942,144,40,43,61,2.6999999999999984,-0.013910014492039192,,
none:decision_tree_delta_d2:far_guard:quality,none,1311,ok,quality,32.090464547677264,30.72463768115942,144,40,43,61,2.6999999999999984,-0.013910014492039192,,
drop_far_proxy:xgb_delta:far_guard,drop_far_proxy,1297,ok,delta,32.090464547677264,31.998474446987036,118,33,35,50,2.699999999999998,0.062493989361992366,p75,2.0
drop_far_proxy:lgbm_delta:far_guard,drop_far_proxy,1297,ok,delta,32.090464547677264,32.24256292906179,127,34,43,50,2.699999999999999,0.05757431943385756,p90,2.5
non_tie_quality_loose:ridge_delta,non_tie_quality_loose,271,ok,delta,32.090464547677264,30.953470633104494,257,68,99,90,2.6999999999999993,0.029691614400732997,,
non_tie_quality_loose:decision_tree_delta_d3:quality,non_tie_quality_loose,271,ok,quality,32.090464547677264,31.029748283752863,235,56,89,90,2.6999999999999993,0.048942602303689714,,
non_tie_quality_loose:decision_tree_delta_d3:far_guard:quality,non_tie_quality_loose,271,ok,quality,32.090464547677264,31.029748283752863,235,56,89,90,2.6999999999999993,0.048942602303689714,,
non_tie:xgb_delta,non_tie,509,ok,delta,32.078239608801965,32.036613272311214,275,64,105,106,2.5999999999999996,0.02906053581664079,,
switch_relevant:xgb_delta,switch_relevant,509,ok,delta,32.078239608801965,32.036613272311214,275,64,105,106,2.5999999999999996,0.02906053581664079,,
none:ridge_delta:delta_quality,none,1311,ok,delta_quality,32.07823960880195,31.38825324180015,175,44,68,63,2.5999999999999988,0.09013038332654962,,
quality_strict:random_forest_delta:quality,quality_strict,390,ok,quality,32.07823960880195,31.85354691075515,138,39,46,53,2.6000000000000005,-0.00884340367417528,,
quality_strict:random_forest_delta:far_guard:quality,quality_strict,390,ok,quality,32.07823960880195,31.85354691075515,138,39,46,53,2.6000000000000005,-0.008843403674175278,,
non_tie_quality_loose:xgb_delta:delta_quality,non_tie_quality_loose,271,ok,delta_quality,32.07823960880195,30.953470633104494,104,30,30,44,2.5999999999999996,0.0990544930100441,,
non_tie_quality_loose:xgb_delta:far_guard:delta_quality,non_tie_quality_loose,271,ok,delta_quality,32.07823960880195,30.953470633104494,104,30,30,44,2.5999999999999996,0.0990544930100441,,
quality_strict:lgbm_delta,quality_strict,390,ok,delta,32.06601466992665,31.365369946605647,130,35,46,49,2.5,0.09124687801098749,,
quality_strict:lgbm_delta:far_guard,quality_strict,390,ok,delta,32.06601466992665,31.39588100686499,130,35,46,49,2.5,0.09124687801098749,p75,2.5
non_tie_quality_strict:logistic_switch,non_tie_quality_strict,185,ok,delta,32.06601466992665,31.2280701754386,103,35,25,43,2.500000000000001,0.6349538532582141,,
non_tie_quality_strict:logistic_switch:far_guard,non_tie_quality_strict,185,ok,delta,32.06601466992665,31.2280701754386,103,35,25,43,2.500000000000001,0.6349538532582141,,
non_tie:decision_tree_delta_d3:far_guard:delta_quality,non_tie,509,ok,delta_quality,32.05378973105134,31.144164759725403,89,27,24,38,2.399999999999998,0.2097442989365481,p90,2.5
switch_relevant:decision_tree_delta_d3:far_guard:delta_quality,switch_relevant,509,ok,delta_quality,32.05378973105134,31.144164759725403,89,27,24,38,2.399999999999998,0.2097442989365481,p90,2.5
drop_far_proxy:gbrt_delta:quality,drop_far_proxy,1297,ok,quality,32.05378973105134,32.120518688024404,196,50,68,78,2.3999999999999972,-0.021999901196310515,,
drop_far_proxy:gbrt_delta:far_guard:quality,drop_far_proxy,1297,ok,quality,32.05378973105134,32.120518688024404,196,50,68,78,2.3999999999999972,-0.021999901196310515,,
quality_strict:xgb_delta:far_guard:delta_quality,quality_strict,390,ok,delta_quality,32.05378973105134,30.518688024408853,17,8,2,7,2.4,0.16075697390339042,p90,1.8
non_tie_quality_strict:ridge_delta:delta_quality,non_tie_quality_strict,185,ok,delta_quality,32.05378973105134,30.755148741418765,95,26,36,33,2.3999999999999995,0.2668863462005506,,
quality_loose:ridge_delta:far_guard:delta_quality,quality_loose,593,ok,delta_quality,32.04156479217604,31.12128146453089,121,37,38,46,2.3000000000000007,0.13233853348748714,p75,3.0
non_tie_quality_loose:decision_tree_delta_d2:delta_quality,non_tie_quality_loose,271,ok,delta_quality,32.04156479217603,30.72463768115942,146,40,43,63,2.2999999999999976,0.2752709208272756,,
non_tie_quality_loose:decision_tree_delta_d2:quality,non_tie_quality_loose,271,ok,quality,32.04156479217603,30.72463768115942,146,40,43,63,2.2999999999999976,0.07711261150309372,,
non_tie_quality_loose:decision_tree_delta_d2:far_guard:quality,non_tie_quality_loose,271,ok,quality,32.04156479217603,30.72463768115942,146,40,43,63,2.2999999999999976,0.07711261150309372,,
non_tie_quality_loose:decision_tree_delta_d3:delta_quality,non_tie_quality_loose,271,ok,delta_quality,32.04156479217603,30.72463768115942,146,40,43,63,2.2999999999999976,0.2752709208272756,,
non_tie_quality_strict:decision_tree_delta_d2:quality,non_tie_quality_strict,185,ok,quality,32.04156479217603,30.72463768115942,146,40,43,63,2.2999999999999976,0.08362695120110873,,
non_tie_quality_strict:decision_tree_delta_d2:far_guard:quality,non_tie_quality_strict,185,ok,quality,32.04156479217603,30.72463768115942,146,40,43,63,2.2999999999999976,0.08362695120110873,,
non_tie_quality_strict:decision_tree_delta_d3:quality,non_tie_quality_strict,185,ok,quality,32.04156479217603,30.72463768115942,146,40,43,63,2.2999999999999976,0.12705925459582945,,
non_tie_quality_strict:decision_tree_delta_d3:far_guard:quality,non_tie_quality_strict,185,ok,quality,32.04156479217603,30.72463768115942,146,40,43,63,2.2999999999999976,0.12705925459582945,,
quality_strict:logistic_switch,quality_strict,390,ok,delta,32.02933985330073,31.090770404271552,119,37,34,48,2.1999999999999997,0.7063311979485508,,
quality_strict:logistic_switch:far_guard,quality_strict,390,ok,delta,32.02933985330073,31.090770404271552,119,37,34,48,2.1999999999999997,0.7063311979485508,,
non_tie_quality_strict:ridge_delta:far_guard:delta_quality,non_tie_quality_strict,185,ok,delta_quality,32.02933985330073,30.75514874141877,71,23,20,28,2.1999999999999993,0.2668863462005506,p75,1.5
non_tie_quality_strict:random_forest_delta,non_tie_quality_strict,185,ok,delta,32.02933985330073,31.23569794050344,58,18,15,25,2.1999999999999997,0.1456053228065775,,
non_tie_quality_strict:random_forest_delta:quality,non_tie_quality_strict,185,ok,quality,32.02933985330073,31.5255530129672,138,41,40,57,2.1999999999999993,0.015150925233099096,,
non_tie_quality_strict:random_forest_delta:far_guard,non_tie_quality_strict,185,ok,delta,32.02933985330073,31.23569794050344,58,18,15,25,2.1999999999999997,0.14560532280657748,,
non_tie_quality_strict:random_forest_delta:far_guard:quality,non_tie_quality_strict,185,ok,quality,32.02933985330073,31.5255530129672,138,41,40,57,2.1999999999999993,0.015150925233099095,,
non_tie_quality_strict:gbrt_delta:delta_quality,non_tie_quality_strict,185,ok,delta_quality,32.02933985330073,31.61708619374523,119,31,42,46,2.1999999999999997,0.11093695275490685,,
non_tie_quality_strict:gbrt_delta:far_guard:delta_quality,non_tie_quality_strict,185,ok,delta_quality,32.02933985330073,31.61708619374523,119,31,42,46,2.1999999999999997,0.11093695275490685,,
drop_far_proxy:xgb_delta,drop_far_proxy,1297,ok,delta,32.017114914425434,31.952707856598018,133,34,44,55,2.0999999999999983,0.062493989361992366,,
non_tie:logistic_switch,non_tie,509,ok,delta,32.01711491442543,31.18230358504958,240,55,91,94,2.099999999999999,0.6441803592504555,,
non_tie:logistic_switch:far_guard,non_tie,509,ok,delta,32.01711491442543,31.24332570556827,233,54,86,93,2.0999999999999988,0.6441803592504555,median,2.0
switch_relevant:logistic_switch,switch_relevant,509,ok,delta,32.01711491442543,31.18230358504958,240,55,91,94,2.099999999999999,0.6441803592504555,,
switch_relevant:logistic_switch:far_guard,switch_relevant,509,ok,delta,32.01711491442543,31.24332570556827,233,54,86,93,2.0999999999999988,0.6441803592504555,median,2.0
quality_loose:decision_tree_delta_d2:quality,quality_loose,593,ok,quality,32.01711491442543,31.060259344012202,174,46,53,75,2.0999999999999983,-0.029696455013810956,,
quality_loose:decision_tree_delta_d2:far_guard:quality,quality_loose,593,ok,quality,32.01711491442543,31.060259344012202,174,46,53,75,2.0999999999999983,-0.029696455013810956,,
quality_strict:gbrt_delta:delta_quality,quality_strict,390,ok,delta_quality,32.01711491442543,31.136536994660567,92,25,31,36,2.1000000000000005,0.16650565104417983,,
non_tie_quality_loose:xgb_delta:far_guard,non_tie_quality_loose,271,ok,delta,32.01711491442543,31.29672006102212,60,17,21,22,2.0999999999999996,0.18139125859435595,p75,2.0
quality_loose:ridge_delta:delta_quality,quality_loose,593,ok,delta_quality,32.00488997555012,31.10602593440122,124,38,39,47,2.0000000000000004,0.13233853348748714,,
non_tie_quality_loose:ridge_delta:delta_quality,non_tie_quality_loose,271,ok,delta_quality,32.00488997555012,31.05263157894737,97,28,35,34,1.9999999999999996,0.22154629983121868,,
quality_loose:decision_tree_delta_d2:far_guard:delta_quality,quality_loose,593,ok,delta_quality,31.992665036674815,30.73226544622426,150,33,56,61,1.899999999999999,0.007131337162372221,median,1.0
quality_loose:xgb_delta:quality,quality_loose,593,ok,quality,31.992665036674815,32.14340198321892,145,41,41,63,1.9000000000000006,-0.010220536019040034,,
quality_loose:xgb_delta:far_guard:quality,quality_loose,593,ok,quality,31.992665036674815,32.14340198321892,145,41,41,63,1.9000000000000006,-0.010220536019040034,,
quality_strict:logistic_switch:delta_quality,quality_strict,390,ok,delta_quality,31.980440097799512,31.04500381388253,130,40,37,53,1.7999999999999978,0.6825619076393366,,
quality_strict:logistic_switch:far_guard:delta_quality,quality_strict,390,ok,delta_quality,31.980440097799512,31.04500381388253,130,40,37,53,1.7999999999999978,0.6825619076393366,,
non_tie_quality_strict:lgbm_delta:delta_quality,non_tie_quality_strict,185,ok,delta_quality,31.980440097799512,31.39588100686499,83,23,24,36,1.8000000000000003,0.13905119539967428,,
non_tie_quality_strict:lgbm_delta:far_guard:delta_quality,non_tie_quality_strict,185,ok,delta_quality,31.980440097799512,31.39588100686499,83,23,24,36,1.8000000000000003,0.13905119539967425,,
non_tie_quality_strict:lgbm_delta:quality,non_tie_quality_strict,185,ok,quality,31.980440097799505,31.762013729977117,112,28,39,45,1.8,0.05081963301413242,,
non_tie_quality_strict:lgbm_delta:far_guard:quality,non_tie_quality_strict,185,ok,quality,31.980440097799505,31.762013729977117,112,28,39,45,1.8,0.05081963301413242,,
quality_loose:decision_tree_delta_d2:far_guard,quality_loose,593,ok,delta,31.968215158924206,30.755148741418765,71,15,26,30,1.6999999999999997,-0.019355053412759143,p75,1.0
quality_loose:random_forest_delta:quality,quality_loose,593,ok,quality,31.968215158924206,31.91456903127384,150,42,42,66,1.699999999999999,-0.015108904123548478,,
quality_loose:random_forest_delta:far_guard:quality,quality_loose,593,ok,quality,31.968215158924206,31.91456903127384,150,42,42,66,1.699999999999999,-0.01510890412354848,,
non_tie_quality_loose:lgbm_delta:quality,non_tie_quality_loose,271,ok,quality,31.968215158924206,31.777269260106788,135,37,43,55,1.6999999999999997,0.033857710986098424,,
non_tie_quality_loose:lgbm_delta:far_guard:quality,non_tie_quality_loose,271,ok,quality,31.968215158924206,31.777269260106788,135,37,43,55,1.6999999999999997,0.033857710986098424,,
drop_far_proxy:decision_tree_delta_d2:quality,drop_far_proxy,1297,ok,quality,31.955990220048896,31.06788710907704,156,42,45,69,1.5999999999999983,0.018824974428737793,,
drop_far_proxy:decision_tree_delta_d2:far_guard:quality,drop_far_proxy,1297,ok,quality,31.955990220048896,31.06788710907704,156,42,45,69,1.5999999999999983,0.018824974428737793,,
quality_strict:xgb_delta,quality_strict,390,ok,delta,31.943765281173587,31.151792524790235,94,25,29,40,1.5,0.09510178420739836,,
quality_strict:xgb_delta:far_guard,quality_strict,390,ok,delta,31.943765281173587,31.151792524790235,94,25,29,40,1.5,0.09510178420739836,,
non_tie_quality_loose:gbrt_delta,non_tie_quality_loose,271,ok,delta,31.943765281173587,31.75438596491228,68,21,19,28,1.4999999999999991,0.152779599516093,,
non_tie_quality_loose:gbrt_delta:far_guard,non_tie_quality_loose,271,ok,delta,31.943765281173587,31.762013729977117,68,21,19,28,1.4999999999999991,0.152779599516093,p75,2.5
quality_strict:decision_tree_delta_d2,quality_strict,390,ok,delta,31.93154034229829,30.602593440122046,37,11,11,15,1.4,0.23881016938339333,,
quality_strict:decision_tree_delta_d2:delta_quality,quality_strict,390,ok,delta_quality,31.93154034229829,30.602593440122046,37,11,11,15,1.4,0.24651204854666978,,
quality_strict:decision_tree_delta_d2:quality,quality_strict,390,ok,quality,31.93154034229829,30.602593440122046,37,11,11,15,1.4,0.06434959892088873,,
quality_strict:gbrt_delta:quality,quality_strict,390,ok,quality,31.93154034229829,31.83066361556064,71,20,19,32,1.3999999999999997,0.023406916213297935,,
quality_strict:gbrt_delta:far_guard:quality,quality_strict,390,ok,quality,31.93154034229829,31.83066361556064,71,20,19,32,1.3999999999999997,0.023406916213297935,,
quality_loose:gbrt_delta:quality,quality_loose,593,ok,quality,31.931540342298288,31.96796338672769,169,40,62,67,1.3999999999999988,-0.007523927481692577,,
quality_loose:gbrt_delta:far_guard:quality,quality_loose,593,ok,quality,31.931540342298288,31.998474446987036,151,39,49,63,1.3999999999999988,-0.007523927481692577,p75,2.0
non_tie_quality_strict:ridge_delta,non_tie_quality_strict,185,ok,delta,31.931540342298288,30.633104500381393,94,25,37,32,1.4,0.2938557133678136,,
non_tie:xgb_delta:delta_quality,non_tie,509,ok,delta_quality,31.91931540342299,31.647597254004573,167,40,66,61,1.300000000000001,0.08257306442607805,,
non_tie:xgb_delta:far_guard:delta_quality,non_tie,509,ok,delta_quality,31.91931540342299,31.67810831426392,167,40,66,61,1.300000000000001,0.08257306442607805,p75,3.0
switch_relevant:xgb_delta:delta_quality,switch_relevant,509,ok,delta_quality,31.91931540342299,31.647597254004573,167,40,66,61,1.300000000000001,0.08257306442607805,,
switch_relevant:xgb_delta:far_guard:delta_quality,switch_relevant,509,ok,delta_quality,31.91931540342299,31.67810831426392,167,40,66,61,1.300000000000001,0.08257306442607805,p75,3.0
drop_far_proxy:ridge_delta,drop_far_proxy,1297,ok,delta,31.91931540342299,31.35774218154081,204,47,86,71,1.299999999999998,0.07868078270469134,,
drop_far_proxy:random_forest_delta:quality,drop_far_proxy,1297,ok,quality,31.91931540342299,31.96796338672769,229,56,75,98,1.3000000000000014,-0.03226696118503505,,
quality_strict:decision_tree_delta_d3:far_guard,quality_strict,390,ok,delta,31.91931540342299,30.70938215102975,95,30,22,43,1.2999999999999985,0.18017815676272403,p90,1.8
quality_strict:decision_tree_delta_d3:far_guard:delta_quality,quality_strict,390,ok,delta_quality,31.91931540342299,30.70938215102975,95,30,22,43,1.2999999999999985,0.15846745109761431,p90,1.8
non_tie_quality_loose:decision_tree_delta_d2:far_guard,non_tie_quality_loose,271,ok,delta,31.91931540342299,30.755148741418765,73,15,26,32,1.2999999999999994,0.06144465290806757,p75,1.0
non_tie_quality_loose:decision_tree_delta_d2:far_guard:delta_quality,non_tie_quality_loose,271,ok,delta_quality,31.91931540342299,30.755148741418765,73,15,26,32,1.2999999999999994,0.05526026620209937,p75,1.0
non_tie_quality_loose:decision_tree_delta_d3:far_guard,non_tie_quality_loose,271,ok,delta,31.91931540342299,30.755148741418765,73,15,26,32,1.2999999999999994,0.1307275733774287,p75,1.0
non_tie_quality_loose:decision_tree_delta_d3:far_guard:delta_quality,non_tie_quality_loose,271,ok,delta_quality,31.91931540342299,30.755148741418765,73,15,26,32,1.2999999999999994,0.12499324852165417,p75,1.0
non_tie_quality_loose:random_forest_delta:delta_quality,non_tie_quality_loose,271,ok,delta_quality,31.91931540342299,31.58657513348589,116,31,37,48,1.2999999999999992,0.1030867275811664,,
non_tie_quality_loose:random_forest_delta:far_guard:delta_quality,non_tie_quality_loose,271,ok,delta_quality,31.91931540342299,31.58657513348589,116,31,37,48,1.2999999999999992,0.10308672758116641,,
none:random_forest_delta,none,1311,ok,delta,31.90709046454768,32.13577421815408,168,41,54,73,1.2000000000000004,0.010062058302803824,,
none:random_forest_delta:far_guard,none,1311,ok,delta,31.90709046454768,32.13577421815408,168,41,54,73,1.2000000000000004,0.010062058302803824,,
drop_far_proxy:xgb_delta:delta_quality,drop_far_proxy,1297,ok,delta_quality,31.90709046454768,31.891685736079328,145,35,54,56,1.1999999999999977,0.06663567752023285,,
drop_far_proxy:xgb_delta:far_guard:delta_quality,drop_far_proxy,1297,ok,delta_quality,31.90709046454768,31.922196796338675,145,35,54,56,1.1999999999999977,0.06663567752023285,p75,3.0
drop_far_proxy:gbrt_delta,drop_far_proxy,1297,ok,delta,31.894865525672365,32.12814645308924,121,30,43,48,1.0999999999999988,0.06664541650794023,,
quality_strict:ridge_delta:far_guard:quality,quality_strict,390,ok,quality,31.894865525672365,30.930587337909994,77,22,27,28,1.0999999999999996,0.07056101854950322,p75,3.0
non_tie_quality_loose:random_forest_delta,non_tie_quality_loose,271,ok,delta,31.894865525672365,31.51029748283753,144,38,47,59,1.0999999999999994,0.08731893601844071,,
non_tie_quality_strict:gbrt_delta,non_tie_quality_strict,185,ok,delta,31.894865525672365,31.700991609458427,107,29,33,45,1.0999999999999994,0.11003098232976108,,
non_tie_quality_strict:gbrt_delta:far_guard,non_tie_quality_strict,185,ok,delta,31.894865525672365,31.700991609458427,107,29,33,45,1.0999999999999994,0.11003098232976108,,
non_tie_quality_strict:xgb_delta,non_tie_quality_strict,185,ok,delta,31.894865525672365,30.739893211289093,68,20,18,30,1.0999999999999999,0.13807731206658513,,
non_tie_quality_strict:xgb_delta:far_guard,non_tie_quality_strict,185,ok,delta,31.894865525672365,30.739893211289093,68,20,18,30,1.0999999999999999,0.13807731206658513,,
non_tie:ridge_delta:far_guard:delta_quality,non_tie,509,ok,delta_quality,31.882640586797066,31.35774218154081,163,37,65,61,0.9999999999999988,0.1384847313821559,median,2.0
switch_relevant:ridge_delta:far_guard:delta_quality,switch_relevant,509,ok,delta_quality,31.882640586797066,31.35774218154081,163,37,65,61,0.9999999999999988,0.1384847313821559,median,2.0
non_tie_quality_loose:random_forest_delta:far_guard,non_tie_quality_loose,271,ok,delta,31.882640586797066,31.51029748283753,172,46,56,70,0.9999999999999993,0.06892708307805574,p75,2.5
non_tie_quality_strict:random_forest_delta:delta_quality,non_tie_quality_strict,185,ok,delta_quality,31.882640586797066,31.30434782608696,85,25,20,40,0.9999999999999993,0.11620291926792561,,
non_tie_quality_strict:random_forest_delta:far_guard:delta_quality,non_tie_quality_strict,185,ok,delta_quality,31.882640586797066,31.30434782608696,85,25,20,40,0.9999999999999993,0.11620291926792564,,
quality_loose:ridge_delta:far_guard,quality_loose,593,ok,delta,31.882640586797063,31.06025934401221,158,42,56,60,0.9999999999999997,0.09822628975019067,p75,2.5
non_tie:random_forest_delta,non_tie,509,ok,delta,31.870415647921767,31.906941266209,211,50,71,90,0.899999999999999,0.028278433781534502,,
non_tie:random_forest_delta:far_guard,non_tie,509,ok,delta,31.870415647921767,31.937452326468346,211,50,71,90,0.899999999999999,0.028278433781534492,p75,3.0
switch_relevant:random_forest_delta,switch_relevant,509,ok,delta,31.870415647921767,31.906941266209,211,50,71,90,0.899999999999999,0.028278433781534506,,
switch_relevant:random_forest_delta:far_guard,switch_relevant,509,ok,delta,31.870415647921767,31.937452326468346,211,50,71,90,0.899999999999999,0.0282784337815345,p75,3.0
none:ridge_delta:far_guard:quality,none,1311,ok,quality,31.870415647921757,31.01449275362319,154,35,66,53,0.8999999999999991,0.01277000491168032,median,2.0
quality_strict:ridge_delta:far_guard,quality_strict,390,ok,delta,31.870415647921757,30.83905415713196,59,19,17,23,0.9,0.20279794620576144,p75,1.5
non_tie:logistic_switch:quality,non_tie,509,ok,quality,31.858190709046458,30.907704042715483,270,58,105,107,0.799999999999996,0.5470053674084073,,
switch_relevant:logistic_switch:quality,switch_relevant,509,ok,quality,31.858190709046458,30.907704042715483,270,58,105,107,0.799999999999996,0.5470053674084073,,
quality_loose:xgb_delta:delta_quality,quality_loose,593,ok,delta_quality,31.858190709046458,31.01449275362319,80,22,20,38,0.7999999999999992,0.09729105866030799,,
quality_loose:xgb_delta:far_guard:delta_quality,quality_loose,593,ok,delta_quality,31.858190709046458,31.01449275362319,80,22,20,38,0.7999999999999992,0.09729105866030799,,
quality_strict:ridge_delta:quality,quality_strict,390,ok,quality,31.858190709046458,30.915331807780316,80,23,28,29,0.8000000000000005,0.07056101854950322,,
quality_strict:decision_tree_delta_d2:far_guard,quality_strict,390,ok,delta,31.858190709046458,30.640732265446225,31,9,9,13,0.7999999999999999,0.23881016938339333,p90,1.8
quality_strict:decision_tree_delta_d2:far_guard:delta_quality,quality_strict,390,ok,delta_quality,31.858190709046458,30.640732265446225,31,9,9,13,0.7999999999999999,0.24651204854666978,p90,1.8
quality_strict:decision_tree_delta_d2:far_guard:quality,quality_strict,390,ok,quality,31.858190709046458,30.640732265446225,31,9,9,13,0.7999999999999999,0.06434959892088873,p90,1.8
non_tie:decision_tree_delta_d2:quality,non_tie,509,ok,quality,31.858190709046454,31.12890922959573,82,23,21,38,0.7999999999999994,0.05931376403669668,,
non_tie:decision_tree_delta_d3:quality,non_tie,509,ok,quality,31.858190709046454,31.12890922959573,82,23,21,38,0.7999999999999994,0.05931376403669668,,
switch_relevant:decision_tree_delta_d2:quality,switch_relevant,509,ok,quality,31.858190709046454,31.12890922959573,82,23,21,38,0.7999999999999994,0.05931376403669668,,
switch_relevant:decision_tree_delta_d3:quality,switch_relevant,509,ok,quality,31.858190709046454,31.12890922959573,82,23,21,38,0.7999999999999994,0.05931376403669668,,
none:ridge_delta:far_guard,none,1311,ok,delta,31.845965770171148,31.540808543096873,177,41,70,66,0.6999999999999996,0.08224935065497088,median,2.0
drop_far_proxy:decision_tree_delta_d3:quality,drop_far_proxy,1297,ok,quality,31.845965770171148,31.151792524790235,64,20,13,31,0.6999999999999996,0.05211178768587876,,
quality_loose:ridge_delta,quality_loose,593,ok,delta,31.845965770171148,31.01449275362319,162,43,58,61,0.6999999999999998,0.09822628975019067,,
quality_strict:ridge_delta:delta_quality,quality_strict,390,ok,delta_quality,31.845965770171148,30.83905415713196,85,25,28,32,0.6999999999999998,0.1917918481767259,,
quality_strict:ridge_delta:far_guard:delta_quality,quality_strict,390,ok,delta_quality,31.845965770171148,30.83905415713196,85,25,28,32,0.6999999999999998,0.1917918481767259,,
non_tie_quality_loose:random_forest_delta:quality,non_tie_quality_loose,271,ok,quality,31.845965770171148,31.662852784134248,171,45,51,75,0.6999999999999984,0.004133075066881298,,
non_tie_quality_loose:random_forest_delta:far_guard:quality,non_tie_quality_loose,271,ok,quality,31.845965770171148,31.662852784134248,171,45,51,75,0.6999999999999984,0.004133075066881297,,
non_tie:ridge_delta:delta_quality,non_tie,509,ok,delta_quality,31.83374083129584,31.29672006102212,171,38,70,63,0.5999999999999996,0.1384847313821559,,
switch_relevant:ridge_delta:delta_quality,switch_relevant,509,ok,delta_quality,31.83374083129584,31.29672006102212,171,38,70,63,0.5999999999999996,0.1384847313821559,,
none:ridge_delta:quality,none,1311,ok,quality,31.82151589242054,30.961098398169334,163,36,72,55,0.4999999999999998,0.01277000491168032,,
drop_far_proxy:lgbm_delta:far_guard:quality,drop_far_proxy,1297,ok,quality,31.82151589242054,32.34935163996949,233,54,82,97,0.500000000000002,-0.021828626407253925,p90,2.5
drop_far_proxy:random_forest_delta,drop_far_proxy,1297,ok,delta,31.821515892420532,32.00610221205187,204,45,75,84,0.5,-0.0033172094103174937,,
drop_far_proxy:xgb_delta:quality,drop_far_proxy,1297,ok,quality,31.821515892420532,32.166285278413426,222,53,75,94,0.5000000000000017,-0.024540877959962126,,
drop_far_proxy:xgb_delta:far_guard:quality,drop_far_proxy,1297,ok,quality,31.821515892420532,32.166285278413426,222,53,75,94,0.5000000000000017,-0.024540877959962126,,
non_tie:decision_tree_delta_d2:far_guard:quality,non_tie,509,ok,quality,31.809290953545233,31.151792524790235,79,22,19,38,0.39999999999999936,0.05931376403669668,p75,2.0
non_tie:decision_tree_delta_d3:far_guard:quality,non_tie,509,ok,quality,31.809290953545233,31.151792524790235,79,22,19,38,0.39999999999999936,0.05931376403669668,p75,2.0
switch_relevant:decision_tree_delta_d2:far_guard:quality,switch_relevant,509,ok,quality,31.809290953545233,31.151792524790235,79,22,19,38,0.39999999999999936,0.05931376403669668,p75,2.0
switch_relevant:decision_tree_delta_d3:far_guard:quality,switch_relevant,509,ok,quality,31.809290953545233,31.151792524790235,79,22,19,38,0.39999999999999936,0.05931376403669668,p75,2.0
drop_far_proxy:ridge_delta:far_guard:quality,drop_far_proxy,1297,ok,quality,31.809290953545233,31.090770404271552,240,50,104,86,0.3999999999999978,-0.004839406080636173,median,2.0
drop_far_proxy:decision_tree_delta_d3:far_guard:quality,drop_far_proxy,1297,ok,quality,31.809290953545233,31.16704805491991,81,23,19,39,0.3999999999999998,-0.0164708634022136,p75,2.0
drop_far_proxy:ridge_delta:quality,drop_far_proxy,1297,ok,quality,31.797066014669927,31.037376048817695,251,51,112,88,0.29999999999999816,-0.004839406080636173,,
drop_far_proxy:logistic_switch:far_guard,drop_far_proxy,1297,ok,delta,31.797066014669927,31.250953470633107,226,60,69,97,0.3,0.7746078663359843,p75,2.5
none:ridge_delta,none,1311,ok,delta,31.784841075794624,31.487414187643015,183,41,74,68,0.19999999999999915,0.08224935065497088,,
drop_far_proxy:random_forest_delta:delta_quality,drop_far_proxy,1297,ok,delta_quality,31.784841075794624,31.94508009153318,277,64,105,108,0.20000000000000134,-0.01799331365134184,,
drop_far_proxy:gbrt_delta:far_guard,drop_far_proxy,1297,ok,delta,31.784841075794624,32.158657513348594,112,27,39,46,0.19999999999999918,0.06664541650794023,p90,2.5
quality_loose:xgb_delta,quality_loose,593,ok,delta,31.772616136919318,31.700991609458427,128,32,39,57,0.09999999999999887,0.08320613422348529,,
quality_loose:xgb_delta:far_guard,quality_loose,593,ok,delta,31.772616136919318,31.73150266971777,128,32,39,57,0.09999999999999887,0.08320613422348529,p75,2.5
non_tie:lgbm_delta:far_guard,non_tie,509,ok,delta,31.772616136919314,32.0976353928299,324,67,127,130,0.10000000000000336,-0.0037576244854436503,median,2.0
switch_relevant:lgbm_delta:far_guard,switch_relevant,509,ok,delta,31.772616136919314,32.0976353928299,324,67,127,130,0.10000000000000336,-0.0037576244854436503,median,2.0
non_tie_quality_strict:decision_tree_delta_d2,non_tie_quality_strict,185,ok,delta,31.76039119804401,30.122044241037376,0,0,0,0,0.0,0.3200873372445416,,
non_tie_quality_strict:decision_tree_delta_d3,non_tie_quality_strict,185,ok,delta,31.76039119804401,30.122044241037376,0,0,0,0,0.0,0.3200873372445416,,
non_tie_quality_strict:xgb_delta:delta_quality,non_tie_quality_strict,185,ok,delta_quality,31.76039119804401,30.122044241037376,0,0,0,0,0.0,0.10111130128963089,,
non_tie_quality_strict:xgb_delta:far_guard:delta_quality,non_tie_quality_strict,185,ok,delta_quality,31.76039119804401,30.122044241037376,0,0,0,0,0.0,0.10111130128963089,,
non_tie_quality_loose:xgb_delta:quality,non_tie_quality_loose,271,ok,quality,31.760391198044,31.891685736079328,150,39,46,65,-1.609823385706477e-15,0.012019447463599961,,
non_tie_quality_loose:xgb_delta:far_guard:quality,non_tie_quality_loose,271,ok,quality,31.760391198044,31.891685736079328,150,39,46,65,-1.609823385706477e-15,0.012019447463599961,,
drop_far_proxy:ridge_delta:far_guard,drop_far_proxy,1297,ok,delta,31.735941320293403,31.41113653699466,188,41,80,67,-0.19999999999999998,0.07868078270469134,p90,2.5
drop_far_proxy:logistic_switch,drop_far_proxy,1297,ok,delta,31.723716381418093,31.22044241037376,232,60,72,100,-0.30000000000000104,0.7746078663359843,,
quality_strict:ridge_delta,quality_strict,390,ok,delta,31.723716381418093,30.839054157131958,102,29,32,41,-0.2999999999999998,0.16385814349282726,,
non_tie_quality_loose:decision_tree_delta_d2,non_tie_quality_loose,271,ok,delta,31.723716381418093,30.633104500381393,291,63,108,120,-0.2999999999999998,0.06144465290806757,,
non_tie_quality_loose:decision_tree_delta_d3,non_tie_quality_loose,271,ok,delta,31.723716381418093,30.633104500381393,291,63,108,120,-0.2999999999999998,0.1307275733774287,,
non_tie_quality_strict:ridge_delta:far_guard,non_tie_quality_strict,185,ok,delta,31.723716381418093,30.648360030511064,74,19,29,26,-0.29999999999999993,0.2938557133678136,p90,1.8
non_tie:ridge_delta:far_guard,non_tie,509,ok,delta,31.711491442542783,31.426392067124333,183,39,73,71,-0.40000000000000024,0.11639026091629451,median,2.0
switch_relevant:ridge_delta:far_guard,switch_relevant,509,ok,delta,31.711491442542783,31.426392067124333,183,39,73,71,-0.40000000000000024,0.11639026091629451,median,2.0
drop_far_proxy:random_forest_delta:far_guard:delta_quality,drop_far_proxy,1297,ok,delta_quality,31.699266503667477,31.990846681922196,246,57,93,96,-0.5000000000000007,-0.012235425165775159,p90,2.5
none:logistic_switch,none,1311,ok,delta,31.674816625916876,31.06025934401221,264,65,88,111,-0.7000000000000008,0.7526934363171981,,
none:logistic_switch:far_guard,none,1311,ok,delta,31.674816625916876,31.090770404271552,264,65,88,111,-0.7000000000000008,0.7526934363171981,p75,3.0
non_tie:logistic_switch:far_guard:quality,non_tie,509,ok,quality,31.674816625916876,31.006864988558352,250,52,96,102,-0.7,0.5470053674084073,p90,2.5
switch_relevant:logistic_switch:far_guard:quality,switch_relevant,509,ok,quality,31.674816625916876,31.006864988558352,250,52,96,102,-0.7,0.5470053674084073,p90,2.5
drop_far_proxy:decision_tree_delta_d2:far_guard,drop_far_proxy,1297,ok,delta,31.674816625916876,30.854309687261633,72,15,24,33,-0.7000000000000004,0.035145384003058826,p75,1.0
drop_far_proxy:decision_tree_delta_d2:far_guard:delta_quality,drop_far_proxy,1297,ok,delta_quality,31.674816625916876,30.854309687261633,72,15,24,33,-0.7000000000000004,0.030303932251083715,p75,1.0
drop_far_proxy:random_forest_delta:far_guard:quality,drop_far_proxy,1297,ok,quality,31.674816625916876,31.98321891685736,223,52,74,97,-0.7000000000000024,-0.032266961185035054,p90,2.5
non_tie_quality_strict:decision_tree_delta_d2:far_guard,non_tie_quality_strict,185,ok,delta,31.674816625916876,30.411899313501145,74,25,12,37,-0.7,0.20023974655364335,p90,2.0
non_tie_quality_strict:decision_tree_delta_d3:far_guard,non_tie_quality_strict,185,ok,delta,31.674816625916876,30.411899313501145,74,25,12,37,-0.7,0.20023974655364335,p90,2.0
non_tie:gbrt_delta:far_guard,non_tie,509,ok,delta,31.67481662591687,32.18916857360794,307,63,119,125,-0.7000000000000055,0.005915468287514666,p75,2.5
switch_relevant:gbrt_delta:far_guard,switch_relevant,509,ok,delta,31.67481662591687,32.18916857360794,307,63,119,125,-0.7000000000000055,0.005915468287514666,p75,2.5
non_tie:ridge_delta,non_tie,509,ok,delta,31.662591687041562,31.365369946605647,191,40,78,73,-0.7999999999999998,0.11639026091629451,,
non_tie:gbrt_delta,non_tie,509,ok,delta,31.662591687041562,32.151029748283754,311,63,122,126,-0.8000000000000054,0.005915468287514666,,
switch_relevant:ridge_delta,switch_relevant,509,ok,delta,31.662591687041562,31.365369946605647,191,40,78,73,-0.7999999999999998,0.11639026091629451,,
switch_relevant:gbrt_delta,switch_relevant,509,ok,delta,31.662591687041562,32.151029748283754,311,63,122,126,-0.8000000000000054,0.005915468287514666,,
drop_far_proxy:random_forest_delta:far_guard,drop_far_proxy,1297,ok,delta,31.662591687041562,32.036613272311214,196,42,71,83,-0.8000000000000027,-0.0033172094103174903,p90,2.5
non_tie_quality_loose:lgbm_delta,non_tie_quality_loose,271,ok,delta,31.65036674816626,31.594202898550726,134,31,47,56,-0.9000000000000002,0.11744221549554124,,
non_tie_quality_loose:lgbm_delta:far_guard,non_tie_quality_loose,271,ok,delta,31.63814180929095,31.60945842868039,179,42,58,79,-1.0000000000000009,0.09101764642813198,p75,2.5
non_tie:ridge_delta:far_guard:quality,non_tie,509,ok,quality,31.60146699266504,31.212814645308928,226,52,87,87,-1.3000000000000016,0.01492723758468559,median,2.0
switch_relevant:ridge_delta:far_guard:quality,switch_relevant,509,ok,quality,31.60146699266504,31.212814645308928,226,52,87,87,-1.3000000000000016,0.01492723758468559,median,2.0
non_tie_quality_loose:xgb_delta,non_tie_quality_loose,271,ok,delta,31.577017114914423,31.28909229595729,168,41,58,69,-1.5000000000000013,0.08751403266870533,,
non_tie:ridge_delta:quality,non_tie,509,ok,quality,31.564792176039123,31.144164759725403,237,54,94,89,-1.6000000000000023,0.01492723758468559,,
switch_relevant:ridge_delta:quality,switch_relevant,509,ok,quality,31.564792176039123,31.144164759725403,237,54,94,89,-1.6000000000000023,0.01492723758468559,,
drop_far_proxy:logistic_switch:far_guard:delta_quality,drop_far_proxy,1297,ok,delta_quality,31.56479217603912,31.029748283752863,266,66,89,111,-1.5999999999999996,0.7338416411041407,p90,2.5
quality_strict:decision_tree_delta_d3:quality,quality_strict,390,ok,quality,31.552567237163814,30.663615560640732,222,46,80,96,-1.7000000000000017,0.014995158159358054,,
quality_strict:decision_tree_delta_d3:far_guard:quality,quality_strict,390,ok,quality,31.54034229828851,30.75514874141877,178,38,63,77,-1.800000000000002,0.014995158159358054,p90,2.0
non_tie_quality_strict:ridge_delta:quality,non_tie_quality_strict,185,ok,quality,31.503667481662596,30.816170861937454,192,43,71,78,-2.0999999999999983,0.04800687289017413,,
non_tie_quality_strict:ridge_delta:far_guard:quality,non_tie_quality_strict,185,ok,quality,31.503667481662596,30.82379862700229,191,43,70,78,-2.0999999999999983,0.04800687289017413,p75,2.5
quality_strict:gbrt_delta,quality_strict,390,ok,delta,31.49144254278729,31.136536994660567,178,36,70,72,-2.1999999999999957,0.11061514640234343,,
quality_strict:gbrt_delta:far_guard,quality_strict,390,ok,delta,31.49144254278729,31.16704805491991,177,36,69,72,-2.1999999999999957,0.11061514640234343,p75,2.5
non_tie_quality_loose:lgbm_delta:delta_quality,non_tie_quality_loose,271,ok,delta_quality,31.46699266503667,31.609458428680398,180,42,63,75,-2.399999999999998,0.0910026578684281,,
non_tie_quality_loose:lgbm_delta:far_guard:delta_quality,non_tie_quality_loose,271,ok,delta_quality,31.46699266503667,31.647597254004577,179,42,62,75,-2.399999999999998,0.0910026578684281,p75,2.5
quality_strict:gbrt_delta:far_guard:delta_quality,quality_strict,390,ok,delta_quality,31.356968215158926,31.16704805491991,196,41,73,82,-3.2999999999999954,0.08984417544852243,p75,2.5
