cleaner,drop_q,fit_count,weight,model,threshold,train_mra,test_mra,p75,benefit,tie,harm,delta_sum
linear,0.0,1311,delta_clean2,dt3,0.10982332408363217,31.35774218154081,33.239608801955995,87,41,21,25,12.100000000000005
linear,0.1,1180,delta_clean2,dt3,0.11017018774951405,31.35774218154081,33.239608801955995,87,41,21,25,12.100000000000005
geom,0.0,1311,delta_clean2,dt3,0.12503253736049574,31.35774218154081,33.239608801955995,87,41,21,25,12.100000000000005
geom,0.1,1180,delta_clean2,dt3,0.12521028092007946,31.35774218154081,33.239608801955995,87,41,21,25,12.100000000000005
linear,0.2,1049,delta_clean2,dt3,0.11376814659497764,31.17467581998475,33.10513447432763,105,44,29,32,11.000000000000009
linear,0.3,918,delta_clean2,dt3,0.11625489584109155,31.17467581998475,33.10513447432763,105,44,29,32,11.000000000000009
linear,0.4,787,delta_clean2,dt3,0.1211454002501073,31.17467581998475,33.10513447432763,105,44,29,32,11.000000000000009
geom,0.2,1049,delta_clean2,dt3,0.12548083191251833,31.17467581998475,33.10513447432763,105,44,29,32,11.000000000000009
geom,0.3,918,delta_clean2,dt3,0.1281744339911393,31.17467581998475,33.10513447432763,105,44,29,32,11.000000000000009
geom,0.4,787,delta_clean,dt3,0.11548265924787746,31.17467581998475,33.10513447432763,105,44,29,32,11.000000000000009
geom,0.4,787,delta_clean2,dt3,0.13277507431354724,31.17467581998475,33.10513447432763,105,44,29,32,11.000000000000009
recall,0.3,918,delta_clean2,dt3,0.12330437481976537,31.17467581998475,33.10513447432763,105,44,29,32,11.000000000000009
recall,0.4,787,delta_clean,dt3,0.11242565876308966,31.17467581998475,33.10513447432763,105,44,29,32,11.000000000000009
recall,0.4,787,delta_clean2,dt3,0.12902648188272825,31.17467581998475,33.10513447432763,105,44,29,32,11.000000000000009
recall,0.0,1311,delta_clean2,dt3,0.09097437309949052,31.174675819984742,33.05623471882641,90,38,26,26,10.600000000000003
recall,0.1,1180,delta_clean2,dt3,0.09095450252672965,31.174675819984742,33.05623471882641,90,38,26,26,10.600000000000003
recall,0.2,1049,delta_clean2,dt3,0.09223327521120771,31.174675819984742,33.05623471882641,90,38,26,26,10.600000000000003
linear,0.3,918,delta_clean,lgbm,0.08353040199527936,32.10526315789474,32.98288508557457,111,42,32,37,10.000000000000007
linear,0.1,1180,delta_clean2,lgbm,0.07335144894895308,32.04424103737605,32.90953545232274,117,41,37,39,9.400000000000004
linear,0.3,918,delta_clean,gbrt,0.06712890536173785,32.166285278413426,32.909535452322736,143,47,45,51,9.400000000000007
linear,0.0,1311,delta_clean2,lgbm,0.08174129579127078,32.0976353928299,32.89731051344744,113,41,33,39,9.300000000000004
geom,0.1,1180,delta_clean,gbrt,0.05947262981590795,32.25019069412662,32.88508557457212,147,47,45,55,9.200000000000006
linear,0.3,918,delta_clean2,lgbm,0.07489734335420156,31.891685736079328,32.872860635696824,118,42,34,42,9.100000000000003
linear,0.4,787,delta_clean,gbrt,0.0805944246780048,32.00610221205187,32.836185819070906,83,31,24,28,8.799999999999999
recall,0.1,1180,delta_clean,gbrt,0.06186514841582298,32.35697940503433,32.836185819070906,143,46,42,55,8.800000000000008
linear,0.1,1180,delta_clean2,gbrt,0.055588414936059295,32.143401983218915,32.78728606356968,142,47,41,54,8.400000000000002
linear,0.3,918,delta_clean2,gbrt,0.05379535741132543,32.06712433257056,32.775061124694375,161,49,52,60,8.300000000000002
linear,0.0,1311,delta_clean,lgbm,0.07678002272174997,32.10526315789474,32.76283618581907,118,41,35,42,8.2
geom,0.3,918,delta_clean2,lgbm,0.048371357101109604,32.021357742181536,32.75061124694376,151,49,44,58,8.100000000000001
linear,0.2,1049,clean,dt3,0.006237355872700797,31.372997711670475,32.71393643031785,97,38,24,35,7.800000000000003
linear,0.3,918,clean,dt3,0.005012489636171638,31.372997711670475,32.71393643031785,97,38,24,35,7.800000000000003
linear,0.4,787,clean,dt3,0.004170058261702844,31.372997711670475,32.71393643031785,97,38,24,35,7.800000000000003
linear,0.4,787,delta_clean,dt3,0.06615285642347851,31.372997711670475,32.71393643031785,97,38,24,35,7.800000000000003
geom,0.1,1180,clean,dt3,0.006350448035571669,31.372997711670475,32.71393643031785,97,38,24,35,7.800000000000003
geom,0.2,1049,clean,dt3,0.005906532745929904,31.372997711670475,32.71393643031785,97,38,24,35,7.800000000000003
geom,0.3,918,clean,lgbm,0.006958818288560949,32.31884057971015,32.71393643031785,116,41,31,44,7.800000000000003
geom,0.4,787,clean,dt3,0.006095347503418367,31.372997711670475,32.71393643031785,97,38,24,35,7.800000000000003
recall,0.2,1049,clean,dt3,0.006153596819205812,31.372997711670475,32.71393643031785,97,38,24,35,7.800000000000003
recall,0.4,787,clean,dt3,0.005920752888911671,31.372997711670475,32.71393643031785,97,38,24,35,7.800000000000003
geom,0.3,918,delta_clean,gbrt,0.05018403268805368,32.151029748283754,32.701711491442545,172,52,54,66,7.700000000000001
recall,0.4,787,delta_clean2,lgbm,0.03458022687550696,32.00610221205187,32.66503667481662,161,49,48,64,7.399999999999999
geom,0.0,1311,delta_clean,gbrt,0.0617407973233964,32.23493516399695,32.640586797066014,149,43,49,57,7.200000000000003
geom,0.3,918,clean,dt3,0.0298525765912506,31.27383676582761,32.640586797066014,80,32,21,27,7.200000000000003
recall,0.0,1311,clean,lgbm,-0.026857873996339845,32.31884057971015,32.640586797066014,255,70,84,101,7.200000000000004
recall,0.3,918,clean,dt3,0.02862999227949841,31.27383676582761,32.640586797066014,80,32,21,27,7.200000000000003
linear,0.0,1311,delta_clean,dt2,0.07649941715934162,31.197559115179253,32.62836185819071,158,49,47,62,7.100000000000002
linear,0.0,1311,delta_clean,dt3,0.024817640078706345,31.197559115179253,32.62836185819071,158,49,47,62,7.100000000000002
linear,0.1,1180,delta_clean,dt2,0.07401360249457989,31.197559115179253,32.62836185819071,158,49,47,62,7.100000000000002
linear,0.1,1180,delta_clean,dt3,0.02492486964848266,31.197559115179253,32.62836185819071,158,49,47,62,7.100000000000002
linear,0.2,1049,delta_clean,dt2,0.07409455297100928,31.197559115179253,32.62836185819071,158,49,47,62,7.100000000000002
linear,0.2,1049,delta_clean,dt3,0.02568089136194235,31.197559115179253,32.62836185819071,158,49,47,62,7.100000000000002
linear,0.3,918,delta_clean,dt2,0.0807349364496509,31.16704805491991,32.62836185819071,158,49,47,62,7.100000000000002
linear,0.3,918,delta_clean,dt3,0.02228395280701009,31.16704805491991,32.62836185819071,158,49,47,62,7.100000000000002
geom,0.0,1311,delta_clean,dt2,0.07926492106513941,31.197559115179253,32.62836185819071,158,49,47,62,7.100000000000002
geom,0.0,1311,delta_clean,dt3,0.02556390191216624,31.197559115179253,32.62836185819071,158,49,47,62,7.100000000000002
geom,0.1,1180,delta_clean,dt2,0.07921222708611061,31.197559115179253,32.62836185819071,158,49,47,62,7.100000000000002
geom,0.1,1180,delta_clean,dt3,0.026285089704241094,31.197559115179253,32.62836185819071,158,49,47,62,7.100000000000002
geom,0.2,1049,delta_clean,dt2,0.07836624493416784,31.197559115179253,32.62836185819071,158,49,47,62,7.100000000000002
geom,0.2,1049,delta_clean,dt3,0.02573532928657643,31.197559115179253,32.62836185819071,158,49,47,62,7.100000000000002
geom,0.3,918,delta_clean,dt2,0.08169073348710477,31.136536994660567,32.62836185819071,158,49,47,62,7.100000000000002
geom,0.3,918,delta_clean,dt3,0.05972049777029313,31.136536994660567,32.62836185819071,158,49,47,62,7.100000000000002
linear,0.2,1049,clean,gbrt,-0.0010247595155333028,32.151029748283754,32.6161369193154,116,39,34,43,7.0
linear,0.3,918,clean,gbrt,-0.006269574297096328,32.196796338672776,32.603911980440095,124,41,38,45,6.9
geom,0.1,1180,clean,lgbm,-0.0014363266627719009,32.311212814645316,32.603911980440095,131,44,34,53,6.9
recall,0.0,1311,delta_clean,lgbm,0.036619676194208924,32.12051868802441,32.603911980440095,188,51,64,73,6.900000000000001
recall,0.3,918,clean,lgbm,0.00019416748958112287,32.273073989321134,32.603911980440095,129,41,35,53,6.9
recall,0.4,787,delta_clean2,rf,0.02509558976358335,32.265446224256294,32.591687041564796,184,57,56,71,6.799999999999999
geom,0.2,1049,clean,lgbm,0.0036592698809342836,32.311212814645316,32.57946210268949,118,41,30,47,6.700000000000001
recall,0.4,787,delta_clean,gbrt,0.04333789258680461,32.00610221205187,32.57946210268949,178,50,59,69,6.700000000000001
geom,0.0,1311,delta_clean,lgbm,0.037346563727909156,32.0976353928299,32.56723716381418,190,51,65,74,6.600000000000002
linear,0.1,1180,delta_clean,lgbm,0.05114892535680309,32.273073989321134,32.55501222493888,150,43,51,56,6.500000000000001
geom,0.4,787,clean,lgbm,0.004125482904887184,32.22730739893211,32.55501222493887,113,39,29,45,6.499999999999999
geom,0.3,918,clean,gbrt,-0.022112644673767202,32.12814645308924,32.54278728606357,168,48,53,67,6.400000000000002
recall,0.1,1180,clean,gbrt,-0.00936939057265334,32.158657513348594,32.530562347188265,134,41,41,52,6.3000000000000025
geom,0.4,787,delta_clean,lgbm,0.06813280606867841,31.96796338672769,32.53056234718826,144,43,44,57,6.300000000000001
geom,0.2,1049,delta_clean,gbrt,0.04739349459769966,32.181540808543105,32.506112469437646,182,50,60,72,6.100000000000001
recall,0.2,1049,clean,gbrt,-0.011108343204750027,32.196796338672776,32.506112469437646,138,43,41,54,6.1000000000000005
linear,0.1,1180,clean,gbrt,-0.0012697910493189564,32.166285278413426,32.49388753056235,115,38,34,43,5.999999999999999
linear,0.4,787,delta_clean,xgb,0.07201421921011766,31.639969488939744,32.49388753056235,109,37,34,38,6.000000000000001
geom,0.2,1049,delta_clean2,rf,0.016183016504101925,32.09000762776507,32.49388753056235,191,57,56,78,5.999999999999999
geom,0.2,1049,clean,gbrt,-0.00905553783185538,32.151029748283754,32.49388753056234,131,40,42,49,6.0
recall,0.3,918,delta_clean,lgbm,0.045723743470722285,32.00610221205187,32.48166259168705,175,47,62,66,5.900000000000001
linear,0.2,1049,clean,xgb,-0.006136545092103151,32.25019069412662,32.46943765281174,132,42,36,54,5.799999999999999
geom,0.2,1049,delta_clean2,lgbm,0.023158445439570945,32.013729977116704,32.46943765281174,209,57,71,81,5.8000000000000025
linear,0.3,918,delta_clean,xgb,0.04820247541500039,31.937452326468346,32.44498777506113,183,50,67,66,5.600000000000001
geom,0.1,1180,clean,gbrt,-0.0073005339960642715,32.25019069412662,32.44498777506113,134,41,41,52,5.6
linear,0.0,1311,delta_clean2,dt2,0.013791441391859553,31.006864988558352,32.44498777506112,179,52,56,71,5.600000000000001
linear,0.1,1180,delta_clean2,dt2,0.013318175628022622,31.006864988558352,32.44498777506112,179,52,56,71,5.600000000000001
linear,0.2,1049,delta_clean2,dt2,0.013376007788594591,31.006864988558352,32.44498777506112,179,52,56,71,5.600000000000001
linear,0.3,918,delta_clean2,dt2,0.012214342787645466,31.006864988558352,32.44498777506112,179,52,56,71,5.600000000000001
linear,0.4,787,delta_clean2,dt2,0.011890606247890494,31.006864988558352,32.44498777506112,179,52,56,71,5.600000000000001
geom,0.0,1311,delta_clean2,dt2,0.016350856916891844,31.006864988558352,32.44498777506112,179,52,56,71,5.600000000000001
geom,0.1,1180,clean,xgb,0.003230731719161712,32.1815408085431,32.44498777506112,115,40,30,45,5.599999999999998
geom,0.1,1180,delta_clean2,dt2,0.016406516765671425,31.006864988558352,32.44498777506112,179,52,56,71,5.600000000000001
geom,0.2,1049,delta_clean2,dt2,0.016138141783913647,31.006864988558352,32.44498777506112,179,52,56,71,5.600000000000001
geom,0.3,918,delta_clean2,dt2,0.015594811927407266,31.006864988558352,32.44498777506112,179,52,56,71,5.600000000000001
geom,0.4,787,delta_clean,dt2,0.008623776599136601,31.006864988558352,32.44498777506112,179,52,56,71,5.600000000000001
geom,0.4,787,delta_clean2,dt2,0.016425354426493073,31.006864988558352,32.44498777506112,179,52,56,71,5.600000000000001
recall,0.3,918,delta_clean2,dt2,0.014020829519028052,31.006864988558352,32.44498777506112,179,52,56,71,5.600000000000001
recall,0.3,918,delta_clean2,lgbm,0.046791742185423695,31.929824561403507,32.44498777506112,146,43,47,56,5.600000000000001
recall,0.4,787,delta_clean,dt2,0.008301566450685062,31.006864988558352,32.44498777506112,179,52,56,71,5.600000000000001
recall,0.4,787,delta_clean2,dt2,0.016870039644321346,31.006864988558352,32.44498777506112,179,52,56,71,5.600000000000001
linear,0.3,918,delta_clean2,rf,0.008983117615049547,32.02135774218154,32.432762836185816,202,58,69,75,5.5
geom,0.3,918,clean,xgb,-0.011242289084328371,32.151029748283754,32.432762836185816,152,45,46,61,5.499999999999999
recall,0.1,1180,delta_clean,lgbm,0.0108960371930406,32.20442410373761,32.432762836185816,242,62,89,91,5.499999999999999
linear,0.0,1311,clean,gbrt,-0.018414864349166768,32.14340198321892,32.42053789731052,171,47,56,68,5.4
geom,0.0,1311,clean,xgb,1.7647504735768906e-05,32.09000762776507,32.42053789731052,133,44,33,56,5.399999999999999
geom,0.1,1180,delta_clean2,lgbm,0.028175441027479778,32.10526315789474,32.42053789731052,202,54,70,78,5.399999999999999
geom,0.2,1049,clean,xgb,-0.013884180119331882,32.1815408085431,32.42053789731052,161,47,49,65,5.3999999999999995
geom,0.3,918,delta_clean,rf,0.015009994518860526,31.937452326468346,32.42053789731052,184,54,55,75,5.399999999999999
linear,0.0,1311,clean,lgbm,-0.006703808010959184,32.33409610983982,32.40831295843521,158,46,46,66,5.300000000000002
geom,0.0,1311,clean,gbrt,-0.021763878819074347,32.151029748283754,32.40831295843521,176,49,54,73,5.300000000000001
geom,0.2,1049,delta_clean,lgbm,0.045522623980817405,32.06712433257056,32.40831295843521,165,46,52,67,5.300000000000001
recall,0.0,1311,delta_clean2,lgbm,0.03386753211154636,32.082379862700236,32.40831295843521,183,50,62,71,5.300000000000002
recall,0.2,1049,clean,lgbm,-0.012245603414043078,32.288329519450805,32.40831295843521,159,45,44,70,5.300000000000001
recall,0.0,1311,delta_clean,dt2,0.08599638200640573,31.006864988558352,32.396088019559905,164,46,53,65,5.2
recall,0.0,1311,delta_clean,dt3,0.027379488153529613,31.006864988558352,32.396088019559905,164,46,53,65,5.2
recall,0.0,1311,delta_clean2,dt2,0.020925362552874516,31.006864988558352,32.396088019559905,164,46,53,65,5.2
recall,0.1,1180,delta_clean,dt2,0.08379252256471699,31.006864988558352,32.396088019559905,164,46,53,65,5.2
recall,0.1,1180,delta_clean,dt3,0.026728247466208485,31.006864988558352,32.396088019559905,164,46,53,65,5.2
recall,0.1,1180,delta_clean2,dt2,0.02049678640751243,31.006864988558352,32.396088019559905,164,46,53,65,5.2
recall,0.2,1049,delta_clean,dt2,0.08406353292660301,31.006864988558352,32.396088019559905,164,46,53,65,5.2
recall,0.2,1049,delta_clean,dt3,0.027282763849686392,31.006864988558352,32.396088019559905,164,46,53,65,5.2
recall,0.2,1049,delta_clean2,dt2,0.020656516852843154,31.006864988558352,32.396088019559905,164,46,53,65,5.2
recall,0.3,918,delta_clean,dt2,0.08571364879682165,31.006864988558352,32.396088019559905,164,46,53,65,5.2
recall,0.3,918,delta_clean,dt3,0.029377043642277376,31.006864988558352,32.396088019559905,164,46,53,65,5.2
linear,0.0,1311,clean,dt3,0.021717771121848157,31.365369946605643,32.38386308068459,94,32,24,38,5.099999999999999
geom,0.0,1311,clean,dt3,0.01917104181763058,31.365369946605643,32.38386308068459,94,32,24,38,5.099999999999999
recall,0.0,1311,clean,dt3,0.02054816682947266,31.365369946605643,32.38386308068459,94,32,24,38,5.099999999999999
recall,0.0,1311,clean,gbrt,-0.025883485415730007,32.10526315789474,32.38386308068459,214,58,70,86,5.1
recall,0.1,1180,clean,dt3,0.01992363862747225,31.365369946605643,32.38386308068459,94,32,24,38,5.099999999999999
linear,0.0,1311,delta_clean,gbrt,0.03569290873190954,32.18916857360794,32.37163814180929,177,47,60,70,4.999999999999999
geom,0.0,1311,clean,lgbm,-0.01156418565782897,32.50190694126621,32.35941320293399,173,50,51,72,4.8999999999999995
geom,0.4,787,delta_clean,rf,0.03390442080986608,32.00610221205187,32.35941320293399,157,46,48,63,4.900000000000002
geom,0.2,1049,delta_clean,rf,0.0008759603943681618,32.21205186880244,32.359413202933986,214,59,70,85,4.8999999999999995
recall,0.1,1180,delta_clean2,rf,0.020169281182641163,32.02135774218154,32.359413202933986,163,48,48,67,4.899999999999998
recall,0.2,1049,delta_clean,lgbm,0.023739614640859177,32.32646834477498,32.359413202933986,210,55,75,80,4.8999999999999995
recall,0.3,918,delta_clean2,rf,0.017765650407050502,31.94508009153318,32.359413202933986,177,51,52,74,4.9
recall,0.2,1049,delta_clean2,rf,0.014582522112275894,32.257818459191455,32.34718826405869,193,56,59,78,4.799999999999997
geom,0.0,1311,delta_clean2,lgbm,0.024424165686909038,31.983218916857364,32.34718826405867,206,54,72,80,4.799999999999997
geom,0.1,1180,clean,rf,-0.022880016101636206,31.952707856598018,32.334963325183374,171,51,50,70,4.7
geom,0.1,1180,delta_clean,lgbm,0.020162779386898814,32.21967963386728,32.334963325183374,235,59,84,92,4.699999999999999
geom,0.1,1180,delta_clean2,rf,0.03817566208917262,31.876430205949656,32.334963325183374,146,42,44,60,4.699999999999998
geom,0.4,787,clean,gbrt,-0.02333106980535638,32.21205186880244,32.334963325183374,181,47,61,73,4.700000000000001
linear,0.2,1049,clean,lgbm,-0.00997899283228496,32.34935163996949,32.322738386308075,152,45,42,65,4.599999999999997
recall,0.2,1049,clean,rf,-0.02433494154172003,31.975591151792525,32.31051344743277,177,51,51,75,4.499999999999999
geom,0.4,787,delta_clean2,gbrt,0.032266015772142116,31.861174675819985,32.29828850855746,212,52,71,89,4.4
geom,0.3,918,delta_clean2,rf,0.009009687997712198,31.998474446987036,32.298288508557455,218,60,69,89,4.399999999999999
recall,0.1,1180,clean,rf,-0.03097761583483375,31.983218916857364,32.298288508557455,199,54,64,81,4.399999999999998
recall,0.1,1180,clean,lgbm,-0.004376404663143232,32.34172387490465,32.298288508557455,134,42,35,57,4.3999999999999995
linear,0.4,787,clean,gbrt,-0.0016367309686901941,32.051868802440886,32.286063569682156,107,33,32,42,4.3
geom,0.4,787,clean,xgb,-0.028783276677131656,32.22730739893211,32.286063569682156,227,62,72,93,4.299999999999999
recall,0.1,1180,delta_clean,xgb,0.09034455039455921,31.899313501144167,32.286063569682156,105,34,33,38,4.299999999999998
recall,0.2,1049,delta_clean2,lgbm,0.02899259921461296,32.028985507246375,32.286063569682156,185,49,63,73,4.299999999999999
linear,0.1,1180,delta_clean,gbrt,0.03611898480031418,32.273073989321134,32.27383863080684,185,47,61,77,4.199999999999998
geom,0.1,1180,delta_clean2,xgb,0.13754774441447437,30.90007627765065,32.27383863080684,34,15,7,12,4.199999999999999
geom,0.4,787,delta_clean2,rf,0.015896325935337376,31.94508009153318,32.27383863080684,214,60,65,89,4.199999999999998
recall,0.1,1180,delta_clean,rf,0.012701294572218691,32.051868802440886,32.27383863080684,157,47,47,63,4.199999999999998
recall,0.1,1180,delta_clean2,lgbm,0.03915609253538701,32.05949656750572,32.27383863080684,178,48,62,68,4.199999999999998
recall,0.4,787,clean,xgb,-0.020256322796774813,32.135774218154076,32.27383863080684,192,56,59,77,4.199999999999999
recall,0.2,1049,delta_clean,xgb,0.06964868561753744,32.00610221205187,32.26161369193154,135,40,47,48,4.099999999999998
recall,0.4,787,delta_clean,lgbm,0.04238249093941438,31.891685736079328,32.26161369193154,181,49,59,73,4.099999999999997
linear,0.1,1180,clean,lgbm,-0.0025171084674128746,32.44088482074752,32.24938875305624,135,41,37,57,3.9999999999999982
geom,0.0,1311,delta_clean,xgb,0.07727274902259237,31.899313501144167,32.24938875305624,140,38,51,51,3.9999999999999982
recall,0.3,918,clean,xgb,-0.031045638142695953,32.151029748283754,32.24938875305624,233,61,77,95,4.000000000000001
recall,0.4,787,clean,lgbm,-0.022255006439618964,32.34172387490465,32.24938875305624,199,54,59,86,3.9999999999999982
linear,0.2,1049,delta_clean,lgbm,0.027996865260228515,32.173913043478265,32.24938875305623,200,55,64,81,3.999999999999998
geom,0.0,1311,delta_clean2,rf,-0.0002513135321144008,31.929824561403507,32.23716381418094,233,62,78,93,3.8999999999999986
linear,0.3,918,clean,lgbm,-0.017246161088311385,32.257818459191455,32.23716381418093,194,52,60,82,3.8999999999999986
recall,0.4,787,delta_clean,rf,0.0017469765284249305,32.24256292906178,32.23716381418093,240,63,84,93,3.899999999999997
linear,0.4,787,clean,lgbm,-0.014620862540962667,32.32646834477498,32.224938875305625,159,42,53,64,3.799999999999999
recall,0.3,918,clean,gbrt,-0.023971856268912625,32.25019069412662,32.224938875305625,175,43,58,74,3.799999999999999
recall,0.3,918,delta_clean,gbrt,0.030647011316093254,32.12814645308924,32.21271393643032,197,49,65,83,3.6999999999999984
linear,0.3,918,clean,xgb,-0.019904952614179124,32.29595728451564,32.20048899755501,202,54,63,85,3.600000000000001
linear,0.2,1049,delta_clean,gbrt,0.03763238418420783,32.33409610983982,32.18826405867971,186,48,61,77,3.499999999999998
linear,0.4,787,delta_clean,rf,0.00305776585736382,32.082379862700236,32.18826405867971,206,55,67,84,3.499999999999999
recall,0.1,1180,clean,xgb,-0.02638517449833923,32.20442410373761,32.18826405867971,233,60,81,92,3.499999999999998
linear,0.2,1049,delta_clean2,lgbm,0.020885243982942975,31.960335621662857,32.1760391198044,217,57,71,89,3.399999999999997
linear,0.4,787,delta_clean2,lgbm,0.009483051252288243,31.983218916857364,32.163814180929094,248,60,89,99,3.3000000000000007
geom,0.2,1049,delta_clean,xgb,0.05967422301256211,31.891685736079328,32.15158924205379,147,41,51,55,3.199999999999999
recall,0.4,787,delta_clean2,xgb,0.06342638123639022,30.82379862700229,32.15158924205379,109,31,37,41,3.1999999999999993
linear,0.4,787,delta_clean2,gbrt,0.019657808419321392,31.990846681922196,32.13936430317849,203,51,64,88,3.1
linear,0.2,1049,delta_clean2,rf,0.007113989285161719,32.20442410373761,32.13936430317848,194,54,57,83,3.0999999999999988
geom,0.4,787,delta_clean2,xgb,0.10931615031595467,30.915331807780326,32.13936430317848,60,20,16,24,3.0999999999999996
recall,0.0,1311,clean,rf,-0.03514044246339987,31.990846681922196,32.13936430317848,237,58,86,93,3.0999999999999988
recall,0.0,1311,clean,xgb,-0.01062226665642443,32.20442410373761,32.13936430317848,167,46,49,72,3.1
recall,0.0,1311,delta_clean2,gbrt,0.019229576232417354,32.051868802440886,32.13936430317848,208,52,71,85,3.1
recall,0.4,787,clean,gbrt,-0.023901657902386887,32.158657513348594,32.13936430317848,192,49,63,80,3.0999999999999983
linear,0.1,1180,delta_clean,xgb,0.05119745631383944,31.91456903127384,32.12713936430318,182,47,65,70,2.9999999999999982
geom,0.3,918,delta_clean,xgb,0.05383401571572585,31.876430205949656,32.12713936430318,158,42,55,61,2.9999999999999982
linear,0.0,1311,delta_clean2,rf,-0.0010834815692990585,31.975591151792525,32.11491442542787,225,59,74,92,2.9000000000000004
linear,0.2,1049,delta_clean,xgb,0.06181080502611173,32.06712433257056,32.11491442542787,154,41,53,60,2.8999999999999986
geom,0.1,1180,delta_clean,xgb,0.03017516082883636,31.708619374523263,32.11491442542787,212,53,77,82,2.8999999999999972
linear,0.0,1311,clean,rf,-0.03157892049484046,31.96796338672769,32.10268948655257,199,53,61,85,2.800000000000001
geom,0.2,1049,clean,rf,-0.03003665903167455,31.952707856598018,32.10268948655257,200,55,56,89,2.8000000000000007
recall,0.0,1311,delta_clean,xgb,0.05416498502975778,31.876430205949656,32.10268948655257,173,45,63,65,2.7999999999999967
recall,0.2,1049,clean,xgb,-0.01444119167856024,32.13577421815408,32.10268948655257,160,44,44,72,2.7999999999999994
recall,0.2,1049,delta_clean,gbrt,0.03098476890184834,32.265446224256294,32.10268948655257,210,52,72,86,2.800000000000001
recall,0.3,918,delta_clean,rf,-0.0016030861422448974,32.0976353928299,32.10268948655257,220,60,70,90,2.799999999999998
linear,0.0,1311,clean,dt2,-0.013948907534637737,30.72463768115942,32.090464547677264,144,40,43,61,2.6999999999999984
linear,0.2,1049,clean,dt2,-0.01525797406188991,30.72463768115942,32.090464547677264,144,40,43,61,2.6999999999999984
linear,0.3,918,clean,dt2,-0.01648376918356687,30.72463768115942,32.090464547677264,144,40,43,61,2.6999999999999984
linear,0.4,787,clean,dt2,-0.016357811327357953,30.72463768115942,32.090464547677264,144,40,43,61,2.6999999999999984
linear,0.4,787,delta_clean,dt2,0.038437248393720744,30.72463768115942,32.090464547677264,144,40,43,61,2.6999999999999984
geom,0.0,1311,clean,dt2,-0.014228173999874827,30.72463768115942,32.090464547677264,144,40,43,61,2.6999999999999984
geom,0.0,1311,clean,rf,-0.03332172511458672,32.04424103737605,32.090464547677264,207,54,64,89,2.6999999999999993
geom,0.1,1180,clean,dt2,-0.014425884512681064,30.72463768115942,32.090464547677264,144,40,43,61,2.6999999999999984
geom,0.2,1049,clean,dt2,-0.015222391384705847,30.72463768115942,32.090464547677264,144,40,43,61,2.6999999999999984
geom,0.4,787,clean,dt2,-0.014662095794441292,30.72463768115942,32.090464547677264,144,40,43,61,2.6999999999999984
recall,0.0,1311,clean,dt2,-0.014283544347071776,30.72463768115942,32.090464547677264,144,40,43,61,2.6999999999999984
recall,0.1,1180,clean,dt2,-0.015188947893255863,30.72463768115942,32.090464547677264,144,40,43,61,2.6999999999999984
recall,0.2,1049,clean,dt2,-0.015529640916850966,30.72463768115942,32.090464547677264,144,40,43,61,2.6999999999999984
recall,0.4,787,clean,dt2,-0.015883782599729175,30.72463768115942,32.090464547677264,144,40,43,61,2.6999999999999984
linear,0.1,1180,clean,xgb,-0.02669329417845871,32.12814645308924,32.07823960880195,248,60,84,104,2.5999999999999996
geom,0.3,918,delta_clean,lgbm,-0.0090814008429154,32.09000762776507,32.07823960880195,274,70,99,105,2.6
linear,0.2,1049,clean,rf,-0.030852667832574503,32.0747520976354,32.06601466992665,210,55,67,88,2.5
linear,0.4,787,delta_clean,lgbm,0.021671235234454325,31.98321891685736,32.06601466992665,221,52,80,89,2.4999999999999982
linear,0.1,1180,delta_clean2,rf,0.007301811121133641,32.158657513348594,32.066014669926645,206,56,65,85,2.499999999999998
geom,0.4,787,delta_clean,xgb,0.06457269861351084,31.72387490465293,32.05378973105134,139,40,47,52,2.3999999999999995
geom,0.1,1180,delta_clean,rf,-0.0006764400297798243,31.96796338672769,32.04156479217604,231,59,79,93,2.299999999999999
geom,0.2,1049,delta_clean2,gbrt,0.014421771651276035,32.04424103737605,32.04156479217604,234,54,82,98,2.300000000000001
geom,0.3,918,delta_clean2,xgb,0.051543301560833435,30.961098398169334,32.02933985330073,140,40,44,56,2.1999999999999984
geom,0.4,787,clean,rf,-0.03089535546178771,32.09000762776507,32.02933985330073,226,60,73,93,2.199999999999999
recall,0.3,918,delta_clean,xgb,0.0758585914780822,31.7162471395881,32.02933985330073,110,31,38,41,2.1999999999999997
linear,0.0,1311,delta_clean2,gbrt,0.025706339274517997,32.11289092295957,32.01711491442543,211,54,67,90,2.1000000000000023
geom,0.0,1311,delta_clean2,gbrt,0.006496419760073967,32.06712433257056,32.01711491442543,249,59,90,100,2.1000000000000014
geom,0.3,918,clean,dt2,-0.028919552183239598,31.060259344012202,32.01711491442543,174,46,53,75,2.0999999999999983
recall,0.3,918,clean,dt2,-0.02991870130511403,31.060259344012202,32.01711491442543,174,46,53,75,2.0999999999999983
linear,0.1,1180,clean,rf,-0.0339273494141497,31.937452326468346,32.00488997555012,230,56,82,92,2.000000000000002
geom,0.1,1180,delta_clean2,gbrt,0.012949076368137316,31.88405797101449,32.00488997555012,246,54,92,100,2.0000000000000004
linear,0.2,1049,delta_clean,rf,0.006378818265780705,32.173913043478265,31.992665036674815,196,51,62,83,1.8999999999999997
geom,0.0,1311,delta_clean,rf,0.004990365126252699,32.166285278413426,31.968215158924206,207,52,69,86,1.7000000000000004
geom,0.3,918,clean,rf,-0.03535048151374483,31.937452326468346,31.968215158924206,212,55,66,91,1.6999999999999977
geom,0.4,787,delta_clean2,lgbm,0.004109278505133777,31.85354691075515,31.968215158924206,254,65,79,110,1.699999999999999
recall,0.3,918,delta_clean2,gbrt,-0.0044258623800243245,31.96796338672769,31.968215158924206,301,63,116,122,1.7000000000000026
linear,0.0,1311,clean,xgb,-0.018106917013661773,32.158657513348594,31.955990220048896,199,52,62,85,1.6000000000000023
linear,0.1,1180,clean,dt2,0.019437419538903326,31.06788710907704,31.955990220048896,156,42,45,69,1.5999999999999983
linear,0.1,1180,delta_clean,rf,-0.0007620763076070328,32.12814645308924,31.955990220048896,215,54,73,88,1.5999999999999983
recall,0.0,1311,delta_clean,rf,-0.004422234013802839,32.151029748283754,31.955990220048896,237,59,82,96,1.6000000000000016
recall,0.0,1311,delta_clean2,rf,-0.00787436498358466,31.990846681922196,31.955990220048896,249,60,86,103,1.5999999999999996
recall,0.4,787,delta_clean,xgb,0.06079872810765155,31.67810831426392,31.955990220048896,134,38,45,51,1.599999999999999
linear,0.0,1311,delta_clean,rf,0.006845999971505749,32.18916857360794,31.943765281173597,204,50,68,86,1.5000000000000002
geom,0.4,787,delta_clean,gbrt,0.020147689104072164,31.94508009153318,31.943765281173587,247,55,87,105,1.500000000000001
recall,0.2,1049,delta_clean,rf,-0.01037371266044844,32.173913043478265,31.931540342298288,257,63,92,102,1.4
linear,0.2,1049,delta_clean2,xgb,0.053441726472935894,30.93821510297483,31.90709046454768,145,39,53,53,1.1999999999999995
recall,0.3,918,clean,rf,-0.028106826826395273,31.8001525553013,31.90709046454768,183,48,58,77,1.1999999999999995
recall,0.1,1180,delta_clean2,gbrt,0.004942426664250212,32.028985507246375,31.89486552567238,251,56,90,105,1.100000000000001
linear,0.3,918,delta_clean2,xgb,0.056754629870381545,30.884820747520976,31.894865525672365,132,37,44,51,1.0999999999999994
linear,0.4,787,clean,xgb,-0.029119139089237286,32.06712433257056,31.894865525672365,207,54,67,86,1.099999999999998
recall,0.3,918,delta_clean2,xgb,0.03783948964710479,30.79328756674295,31.882640586797066,159,39,59,61,0.9999999999999991
geom,0.0,1311,delta_clean2,xgb,0.053978572870734286,30.907704042715483,31.882640586797063,138,38,45,55,0.9999999999999996
linear,0.3,918,clean,rf,-0.04269264726193868,31.94508009153318,31.870415647921767,323,74,122,127,0.9000000000000008
recall,0.2,1049,delta_clean2,xgb,0.05722673237323761,30.78565980167811,31.858190709046454,135,35,45,55,0.7999999999999994
linear,0.1,1180,clean,dt3,0.05123945414947042,31.151792524790235,31.845965770171148,64,20,13,31,0.6999999999999996
geom,0.3,918,delta_clean2,gbrt,0.004407669132577396,31.922196796338675,31.845965770171148,274,59,103,112,0.7000000000000022
recall,0.0,1311,delta_clean,gbrt,0.006392908351804959,32.257818459191455,31.83374083129585,250,56,94,100,0.6000000000000003
linear,0.4,787,delta_clean2,rf,0.010551373699027642,31.823035850495806,31.82151589242055,202,51,65,86,0.4999999999999977
recall,0.1,1180,delta_clean2,xgb,0.06212871710333614,30.854309687261633,31.82151589242054,130,33,43,54,0.4999999999999993
linear,0.0,1311,delta_clean2,xgb,0.05125126120033139,30.854309687261633,31.80929095354524,147,37,56,54,0.39999999999999986
recall,0.4,787,delta_clean2,gbrt,0.008213731392904757,31.78489702517162,31.74816625916871,305,64,117,124,-0.10000000000000092
recall,0.0,1311,delta_clean2,xgb,0.07034283187947699,30.78565980167811,31.748166259168702,127,31,44,52,-0.10000000000000125
linear,0.4,787,delta_clean2,xgb,0.0434525856111623,30.976353928299012,31.735941320293403,149,38,49,62,-0.20000000000000134
linear,0.2,1049,delta_clean2,gbrt,0.0034750198428718316,32.06712433257056,31.699266503667484,271,58,100,113,-0.500000000000001
linear,0.3,918,delta_clean,rf,-0.016720202950424326,31.88405797101449,31.699266503667484,278,63,103,112,-0.4999999999999998
recall,0.2,1049,delta_clean2,gbrt,0.008576211219902586,32.036613272311214,31.687041564792185,258,55,94,109,-0.5999999999999998
linear,0.1,1180,delta_clean2,xgb,0.08429723629091346,30.907704042715483,31.662591687041562,88,24,25,39,-0.8000000000000003
linear,0.0,1311,delta_clean,xgb,0.027055113281630263,32.059496567505725,31.65036674816626,243,53,90,100,-0.9000000000000015
recall,0.4,787,clean,rf,-0.03079750845553503,31.96796338672769,31.638141809290953,212,51,68,93,-1.000000000000003
linear,0.4,787,clean,rf,-0.03456881765972219,31.998474446987036,31.613691931540345,225,52,81,92,-1.2000000000000033
geom,0.2,1049,delta_clean2,xgb,0.04153217497882966,31.060259344012202,31.60146699266504,172,44,58,70,-1.3000000000000007
