doc_id,category,gt_bucket,ground_truth,pred_p90,rel_error_signed,abs_err_p90,best_tiebreak_quantile,question
228,large_overestimate,<1m,0.9,1.6871405034254006,0.8746005593615561,0.7871405034254005,median,"Measuring from the closest point of each object, what is the distance between the table and the bathtub (in meters)?"
229,large_overestimate,<1m,0.7,1.926943652679971,1.7527766466856731,1.226943652679971,p75,"Measuring from the closest point of each object, what is the distance between the toilet and the table (in meters)?"
230,large_underestimate,>=3m,4.2,1.867921213843061,-0.5552568538468903,2.332078786156939,p90,"Measuring from the closest point of each object, what is the distance between the bed and the toilet (in meters)?"
231,large_underestimate,>=3m,3.0,1.4341667856701987,-0.5219444047766004,1.5658332143298013,p90,"Measuring from the closest point of each object, what is the distance between the table and the stove (in meters)?"
234,large_underestimate,1-3m,2.7,1.1473379424648535,-0.5750600213093136,1.5526620575351466,p90,"Measuring from the closest point of each object, what is the distance between the chair and the sofa (in meters)?"
235,large_overestimate,<1m,0.4,1.355346643364713,2.3883666084117823,0.955346643364713,p05,"Measuring from the closest point of each object, what is the distance between the fireplace and the sofa (in meters)?"
236,large_underestimate,1-3m,2.6,1.2708700427670523,-0.5112038297049799,1.3291299572329478,p90,"Measuring from the closest point of each object, what is the distance between the fireplace and the table (in meters)?"
238,large_underestimate,1-3m,2.4,1.006473264072917,-0.5806361399696179,1.3935267359270829,p90,"Measuring from the closest point of each object, what is the distance between the washer and the refrigerator (in meters)?"
241,large_overestimate,<1m,0.5,1.2079959086016197,1.4159918172032393,0.7079959086016197,p10,"Measuring from the closest point of each object, what is the distance between the chair and the sofa (in meters)?"
242,large_overestimate,<1m,0.7,1.2685033571600997,0.8121476530858568,0.5685033571600997,median,"Measuring from the closest point of each object, what is the distance between the fireplace and the table (in meters)?"
245,large_underestimate,>=3m,3.5,1.0175925324858757,-0.709259276432607,2.4824074675141246,p90,"Measuring from the closest point of each object, what is the distance between the stool and the stove (in meters)?"
246,large_overestimate,<1m,0.4,1.0018033022883865,1.5045082557209661,0.6018033022883865,median,"Measuring from the closest point of each object, what is the distance between the tv and the fireplace (in meters)?"
247,large_underestimate,1-3m,2.9,0.8716947051015643,-0.699415618930495,2.0283052948984355,p90,"Measuring from the closest point of each object, what is the distance between the toilet and the bed (in meters)?"
250,large_underestimate,>=3m,3.7,1.1791419179675489,-0.6813129951439058,2.5208580820324515,p90,"Measuring from the closest point of each object, what is the distance between the table and the bed (in meters)?"
251,large_overestimate,1-3m,1.2,2.368635036160654,0.9738625301338782,1.168635036160654,median,"Measuring from the closest point of each object, what is the distance between the table and the chair (in meters)?"
253,large_underestimate,1-3m,2.6,1.0365347365427666,-0.6013327936373974,1.5634652634572335,p90,"Measuring from the closest point of each object, what is the distance between the stool and the refrigerator (in meters)?"
255,large_underestimate,>=3m,5.2,2.0967209106031586,-0.5967844402686233,3.1032790893968416,p90,"Measuring from the closest point of each object, what is the distance between the refrigerator and the table (in meters)?"
256,large_overestimate,1-3m,1.0,1.8996682507679916,0.8996682507679916,0.8996682507679916,median,"Measuring from the closest point of each object, what is the distance between the refrigerator and the stool (in meters)?"
257,large_underestimate,>=3m,9.1,1.411078009841095,-0.8449364824350445,7.688921990158905,p90,"Measuring from the closest point of each object, what is the distance between the tv and the refrigerator (in meters)?"
258,large_underestimate,>=3m,8.8,0.9593505746523822,-0.8909828892440474,7.840649425347618,p90,"Measuring from the closest point of each object, what is the distance between the tv and the stove (in meters)?"
259,large_underestimate,>=3m,5.5,2.5297635835711603,-0.5400429848052436,2.9702364164288397,p90,"Measuring from the closest point of each object, what is the distance between the chair and the tv (in meters)?"
262,large_overestimate,1-3m,1.0,2.6764756508361613,1.6764756508361613,1.6764756508361613,median,"Measuring from the closest point of each object, what is the distance between the stool and the bed (in meters)?"
263,large_underestimate,1-3m,2.8,1.0763474169522247,-0.6155902082313482,1.7236525830477751,p90,"Measuring from the closest point of each object, what is the distance between the stool and the table (in meters)?"
264,large_overestimate,<1m,0.5,0.9048264756555551,0.8096529513111101,0.4048264756555551,p25,"Measuring from the closest point of each object, what is the distance between the washer and the stove (in meters)?"
267,large_underestimate,>=3m,9.4,2.3233680655165663,-0.7528331845195142,7.076631934483434,p90,"Measuring from the closest point of each object, what is the distance between the stove and the tv (in meters)?"
268,large_underestimate,>=3m,8.0,2.1097085590097207,-0.7362864301237849,5.890291440990279,p90,"Measuring from the closest point of each object, what is the distance between the stove and the fireplace (in meters)?"
269,large_underestimate,1-3m,1.2,0.5178210242320243,-0.5684824798066465,0.6821789757679757,p90,"Measuring from the closest point of each object, what is the distance between the fireplace and the sofa (in meters)?"
270,large_underestimate,1-3m,1.7,0.4902096375628083,-0.7116413896689363,1.2097903624371917,p90,"Measuring from the closest point of each object, what is the distance between the tv and the fireplace (in meters)?"
271,large_underestimate,>=3m,4.1,1.7176410775511763,-0.5810631518167861,2.382358922448823,p90,"Measuring from the closest point of each object, what is the distance between the stove and the sofa (in meters)?"
272,large_underestimate,>=3m,5.8,1.3663100458247335,-0.7644293024440114,4.433689954175266,p90,"Measuring from the closest point of each object, what is the distance between the stove and the fireplace (in meters)?"
273,large_underestimate,>=3m,4.2,1.3975521039570225,-0.6672494990578518,2.8024478960429775,p90,"Measuring from the closest point of each object, what is the distance between the stool and the washer (in meters)?"
274,large_underestimate,>=3m,3.6,1.4796566956204247,-0.5889842512165487,2.1203433043795754,p90,"Measuring from the closest point of each object, what is the distance between the stool and the dishwasher (in meters)?"
275,large_underestimate,>=3m,3.5,1.5198555829720726,-0.565755547722265,1.9801444170279274,p90,"Measuring from the closest point of each object, what is the distance between the sofa and the bed (in meters)?"
276,large_underestimate,>=3m,3.4,1.2087060022067888,-0.6444982346450621,2.191293997793211,p90,"Measuring from the closest point of each object, what is the distance between the stool and the bed (in meters)?"
278,large_underestimate,>=3m,4.1,1.3814370883209226,-0.663064124799775,2.718562911679077,p90,"Measuring from the closest point of each object, what is the distance between the tv and the sofa (in meters)?"
280,large_overestimate,<1m,0.4,1.4239918861069185,2.5599797152672963,1.0239918861069186,p25,"Measuring from the closest point of each object, what is the distance between the tv and the fireplace (in meters)?"
281,large_underestimate,>=3m,4.9,1.246107664510355,-0.7456923133652337,3.6538923354896453,p90,"Measuring from the closest point of each object, what is the distance between the washer and the fireplace (in meters)?"
282,large_underestimate,>=3m,4.0,1.3631371351239798,-0.6592157162190051,2.6368628648760204,p90,"Measuring from the closest point of each object, what is the distance between the washer and the tv (in meters)?"
283,large_underestimate,>=3m,4.3,2.029851974713609,-0.5279414012293933,2.270148025286391,p90,"Measuring from the closest point of each object, what is the distance between the dishwasher and the fireplace (in meters)?"
286,large_overestimate,<1m,0.5,1.3748663297121642,1.7497326594243283,0.8748663297121642,p25,"Measuring from the closest point of each object, what is the distance between the tv and the fireplace (in meters)?"
289,large_underestimate,1-3m,2.7,0.9055939716163371,-0.6645948253272825,1.794406028383663,p90,"Measuring from the closest point of each object, what is the distance between the stool and the fireplace (in meters)?"
291,large_underestimate,1-3m,2.7,0.9812779296188254,-0.6365637297708054,1.7187220703811747,p90,"Measuring from the closest point of each object, what is the distance between the tv and the washer (in meters)?"
293,large_underestimate,1-3m,2.0,0.8229662846508918,-0.5885168576745541,1.1770337153491082,p90,"Measuring from the closest point of each object, what is the distance between the table and the fireplace (in meters)?"
295,large_underestimate,1-3m,2.3,0.7818214741669453,-0.6600776199274151,1.5181785258330547,p90,"Measuring from the closest point of each object, what is the distance between the fireplace and the bed (in meters)?"
297,large_underestimate,>=3m,5.3,1.883477574119348,-0.6446268728076703,3.416522425880652,p90,"Measuring from the closest point of each object, what is the distance between the chair and the tv (in meters)?"
298,large_underestimate,>=3m,4.1,1.5336401756738127,-0.6259414205673628,2.566359824326187,p90,"Measuring from the closest point of each object, what is the distance between the chair and the fireplace (in meters)?"
299,large_underestimate,>=3m,3.6,1.7085036312139383,-0.5254156579961282,1.8914963687860618,p90,"Measuring from the closest point of each object, what is the distance between the stove and the chair (in meters)?"
304,large_underestimate,>=3m,4.8,1.9613722120632933,-0.5913807891534806,2.838627787936707,p90,"Measuring from the closest point of each object, what is the distance between the stove and the sofa (in meters)?"
305,large_underestimate,1-3m,1.1,0.45824235606675184,-0.5834160399393165,0.6417576439332482,p90,"Measuring from the closest point of each object, what is the distance between the stool and the table (in meters)?"
306,large_underestimate,1-3m,1.2,0.5276743210020821,-0.5602713991649315,0.6723256789979178,p90,"Measuring from the closest point of each object, what is the distance between the stool and the chair (in meters)?"
312,large_overestimate,<1m,0.4,0.8353296382089537,1.088324095522384,0.43532963820895365,median,"Measuring from the closest point of each object, what is the distance between the table and the tv (in meters)?"
314,large_underestimate,1-3m,2.8,1.2506908179140022,-0.5533247078878564,1.5493091820859977,p90,"Measuring from the closest point of each object, what is the distance between the dishwasher and the refrigerator (in meters)?"
316,large_underestimate,>=3m,6.0,0.9800652170912644,-0.8366557971514559,5.019934782908735,p90,"Measuring from the closest point of each object, what is the distance between the refrigerator and the tv (in meters)?"
317,large_underestimate,>=3m,8.1,2.5554336511376925,-0.684514364057075,5.544566348862308,p90,"Measuring from the closest point of each object, what is the distance between the bed and the tv (in meters)?"
318,large_overestimate,<1m,0.5,0.9042615556055326,0.8085231112110651,0.40426155560553256,p25,"Measuring from the closest point of each object, what is the distance between the tv and the fireplace (in meters)?"
319,large_underestimate,>=3m,8.4,2.188453131810766,-0.7394698652606231,6.2115468681892345,p90,"Measuring from the closest point of each object, what is the distance between the dishwasher and the fireplace (in meters)?"
320,large_underestimate,>=3m,8.5,2.709179131019093,-0.6812730434095184,5.790820868980907,p90,"Measuring from the closest point of each object, what is the distance between the bed and the fireplace (in meters)?"
321,large_underestimate,>=3m,8.7,1.278340792947853,-0.8530642766726605,7.421659207052146,p90,"Measuring from the closest point of each object, what is the distance between the dishwasher and the tv (in meters)?"
324,large_overestimate,<1m,0.7,4.014407950565416,4.734868500807737,3.314407950565416,median,"Measuring from the closest point of each object, what is the distance between the stool and the tv (in meters)?"
327,large_overestimate,<1m,0.4,1.3995314826806406,2.4988287067016013,0.9995314826806406,p10,"Measuring from the closest point of each object, what is the distance between the stool and the chair (in meters)?"
329,large_underestimate,>=3m,3.4,0.7743753017445869,-0.7722425583104155,2.625624698255413,p90,"Measuring from the closest point of each object, what is the distance between the stool and the bed (in meters)?"
330,large_overestimate,<1m,0.9,2.1431505198905816,1.3812783554339796,1.2431505198905817,p25,"Measuring from the closest point of each object, what is the distance between the washer and the toilet (in meters)?"
333,large_underestimate,1-3m,2.5,0.7365695708166462,-0.7053721716733415,1.7634304291833538,p90,"Measuring from the closest point of each object, what is the distance between the washer and the refrigerator (in meters)?"
334,large_underestimate,>=3m,3.9,0.9512887765409388,-0.7560798008869388,2.9487112234590613,p90,"Measuring from the closest point of each object, what is the distance between the washer and the stove (in meters)?"
335,large_underestimate,>=3m,3.4,1.0068915477885216,-0.703855427121023,2.3931084522114783,p90,"Measuring from the closest point of each object, what is the distance between the washer and the table (in meters)?"
336,large_overestimate,<1m,0.4,0.7143025068853912,0.7857562672134779,0.3143025068853912,median,"Measuring from the closest point of each object, what is the distance between the stool and the bed (in meters)?"
338,large_underestimate,>=3m,3.3,1.353816445171692,-0.5897525923722144,1.9461835548283077,p90,"Measuring from the closest point of each object, what is the distance between the stove and the stool (in meters)?"
339,large_underestimate,1-3m,1.8,0.8844358027752848,-0.5086467762359529,0.9155641972247153,p90,"Measuring from the closest point of each object, what is the distance between the stove and the sofa (in meters)?"
343,large_overestimate,<1m,0.5,1.1161668419253516,1.2323336838507033,0.6161668419253516,p25,"Measuring from the closest point of each object, what is the distance between the table and the sofa (in meters)?"
344,large_overestimate,1-3m,1.7,2.748992080903524,0.6170541652373672,1.0489920809035242,median,"Measuring from the closest point of each object, what is the distance between the bathtub and the washer (in meters)?"
346,large_underestimate,>=3m,4.0,1.779323648952418,-0.5551690877618956,2.220676351047582,p90,"Measuring from the closest point of each object, what is the distance between the chair and the stool (in meters)?"
347,large_underestimate,>=3m,5.5,2.154596311290599,-0.608255216128982,3.345403688709401,p90,"Measuring from the closest point of each object, what is the distance between the sofa and the stool (in meters)?"
348,large_underestimate,>=3m,3.6,1.4195272297351897,-0.6056868806291139,2.18047277026481,p90,"Measuring from the closest point of each object, what is the distance between the sofa and the bed (in meters)?"
349,large_underestimate,>=3m,3.2,1.5288847941298438,-0.5222235018344238,1.6711152058701564,p90,"Measuring from the closest point of each object, what is the distance between the sofa and the chair (in meters)?"
353,large_underestimate,>=3m,4.4,1.9151137187856606,-0.5647468820941681,2.4848862812143397,p90,"Measuring from the closest point of each object, what is the distance between the table and the tv (in meters)?"
356,large_overestimate,<1m,0.8,1.431485006733449,0.7893562584168112,0.631485006733449,p25,"Measuring from the closest point of each object, what is the distance between the table and the refrigerator (in meters)?"
359,large_overestimate,<1m,0.7,1.420130260201765,1.02875751457395,0.720130260201765,p25,"Measuring from the closest point of each object, what is the distance between the table and the refrigerator (in meters)?"
637,large_overestimate,<1m,0.5,0.9738316769918469,0.9476633539836938,0.4738316769918469,median,"Measuring from the closest point of each object, what is the distance between the cup and the power strip (in meters)?"
638,large_underestimate,>=3m,3.8,1.7185971211071325,-0.5477375997086494,2.0814028788928676,p90,"Measuring from the closest point of each object, what is the distance between the computer mouse and the door (in meters)?"
640,large_underestimate,>=3m,3.0,1.364905306920112,-0.5450315643599627,1.635094693079888,p90,"Measuring from the closest point of each object, what is the distance between the trash can and the telephone (in meters)?"
641,large_underestimate,>=3m,4.4,1.854064049549619,-0.5786218069205412,2.5459359504503816,p90,"Measuring from the closest point of each object, what is the distance between the coat rack and the telephone (in meters)?"
644,large_underestimate,>=3m,4.6,1.797274130866225,-0.6092882324203858,2.8027258691337744,p90,"Measuring from the closest point of each object, what is the distance between the door and the telephone (in meters)?"
650,large_underestimate,>=3m,4.7,1.934154595979777,-0.5884777455362177,2.765845404020223,p90,"Measuring from the closest point of each object, what is the distance between the heater and the sofa (in meters)?"
651,large_underestimate,>=3m,4.4,1.9180739862074936,-0.5640740940437515,2.4819260137925068,p90,"Measuring from the closest point of each object, what is the distance between the bookshelf and the sofa (in meters)?"
652,large_overestimate,<1m,0.4,2.0644232216921905,4.161058054230476,1.6644232216921906,p10,"Measuring from the closest point of each object, what is the distance between the power strip and the sofa (in meters)?"
654,large_underestimate,>=3m,5.6,2.2622772822346437,-0.5960219138866707,3.337722717765356,p90,"Measuring from the closest point of each object, what is the distance between the power strip and the bookshelf (in meters)?"
655,large_overestimate,<1m,0.4,1.0071502378908523,1.5178755947271307,0.6071502378908523,p05,"Measuring from the closest point of each object, what is the distance between the chair and the monitor (in meters)?"
659,large_underestimate,>=3m,4.5,2.1399598119785344,-0.5244533751158813,2.3600401880214656,p90,"Measuring from the closest point of each object, what is the distance between the door and the heater (in meters)?"
660,large_underestimate,>=3m,4.3,1.9504961633244429,-0.5463962410873388,2.3495038366755567,p90,"Measuring from the closest point of each object, what is the distance between the computer tower and the bookshelf (in meters)?"
661,large_underestimate,>=3m,4.6,1.5772872346316358,-0.6571114707322531,3.0227127653683636,p90,"Measuring from the closest point of each object, what is the distance between the telephone and the computer tower (in meters)?"
663,large_underestimate,>=3m,4.1,1.5325643760126313,-0.6262038107286264,2.567435623987368,p90,"Measuring from the closest point of each object, what is the distance between the door and the bookshelf (in meters)?"
664,large_underestimate,>=3m,4.8,2.0048866400003966,-0.5823152833332507,2.795113359999603,p90,"Measuring from the closest point of each object, what is the distance between the heater and the computer tower (in meters)?"
669,large_underestimate,>=3m,4.8,1.8024408404722099,-0.6244914915682896,2.99755915952779,p90,"Measuring from the closest point of each object, what is the distance between the telephone and the tv (in meters)?"
670,large_underestimate,1-3m,1.8,0.8301736201350707,-0.5387924332582941,0.9698263798649294,p90,"Measuring from the closest point of each object, what is the distance between the door and the tv (in meters)?"
671,large_underestimate,>=3m,7.1,2.4110742289545026,-0.6604120804289433,4.688925771045497,p90,"Measuring from the closest point of each object, what is the distance between the door and the telephone (in meters)?"
672,large_underestimate,>=3m,7.0,2.160047734987303,-0.6914217521446709,4.8399522650126965,p90,"Measuring from the closest point of each object, what is the distance between the telephone and the trash can (in meters)?"
673,large_underestimate,>=3m,6.8,1.1173926896356874,-0.8356775456418107,5.682607310364313,p90,"Measuring from the closest point of each object, what is the distance between the keyboard and the trash can (in meters)?"
674,large_overestimate,<1m,0.4,1.228480655191548,2.0712016379788696,0.8284806551915479,p25,"Measuring from the closest point of each object, what is the distance between the whiteboard and the trash can (in meters)?"
675,large_underestimate,>=3m,7.2,0.7249387727761343,-0.899314059336648,6.475061227223866,p90,"Measuring from the closest point of each object, what is the distance between the whiteboard and the telephone (in meters)?"
676,large_underestimate,>=3m,7.1,1.6205536500665987,-0.7717530070328734,5.479446349933401,p90,"Measuring from the closest point of each object, what is the distance between the whiteboard and the keyboard (in meters)?"
680,large_overestimate,<1m,0.5,1.4880907843472473,1.9761815686944946,0.9880907843472473,p05,"Measuring from the closest point of each object, what is the distance between the refrigerator and the ceiling light (in meters)?"
681,large_overestimate,<1m,0.4,1.622673883737478,3.056684709343694,1.2226738837374778,min,"Measuring from the closest point of each object, what is the distance between the microwave and the door (in meters)?"
684,large_underestimate,1-3m,1.9,0.7332912963311393,-0.614057212457295,1.1667087036688606,p90,"Measuring from the closest point of each object, what is the distance between the microwave and the heater (in meters)?"
689,large_overestimate,<1m,0.4,1.191976471206068,1.9799411780151701,0.7919764712060681,p10,"Measuring from the closest point of each object, what is the distance between the heater and the refrigerator (in meters)?"
692,large_overestimate,<1m,0.9,2.263859736749945,1.515399707499939,1.3638597367499452,p75,"Measuring from the closest point of each object, what is the distance between the heater and the door (in meters)?"
694,large_overestimate,<1m,0.9,1.571759294214773,0.7463992157941921,0.6717592942147729,p25,"Measuring from the closest point of each object, what is the distance between the monitor and the door (in meters)?"
695,large_overestimate,<1m,0.9,2.1799759901379523,1.4221955445977248,1.2799759901379524,min,"Measuring from the closest point of each object, what is the distance between the door and the ceiling light (in meters)?"
699,large_underestimate,1-3m,1.6,0.6460506921934739,-0.5962183173790788,0.9539493078065262,p90,"Measuring from the closest point of each object, what is the distance between the cup and the ceiling light (in meters)?"
700,large_overestimate,<1m,0.7,1.3482996490331065,0.9261423557615809,0.6482996490331066,p25,"Measuring from the closest point of each object, what is the distance between the door and the ceiling light (in meters)?"
702,large_overestimate,<1m,0.5,1.5481147181871013,2.0962294363742027,1.0481147181871013,min,"Measuring from the closest point of each object, what is the distance between the door and the exhaust fan (in meters)?"
704,large_overestimate,<1m,0.4,0.9482942616362104,1.370735654090526,0.5482942616362104,p10,"Measuring from the closest point of each object, what is the distance between the toilet and the door (in meters)?"
709,large_overestimate,<1m,0.5,1.472584278616355,1.94516855723271,0.972584278616355,p05,"Measuring from the closest point of each object, what is the distance between the door and the chair (in meters)?"
712,large_overestimate,<1m,0.8,1.872478399930101,1.340597999912626,1.0724783999301009,p75,"Measuring from the closest point of each object, what is the distance between the toilet and the shoe rack (in meters)?"
716,large_underestimate,>=3m,4.0,1.2918044442964598,-0.677048888925885,2.70819555570354,p90,"Measuring from the closest point of each object, what is the distance between the shoe rack and the laptop (in meters)?"
717,large_overestimate,<1m,0.8,1.5648411555045918,0.9560514443807396,0.7648411555045918,median,"Measuring from the closest point of each object, what is the distance between the toilet and the basket (in meters)?"
718,large_overestimate,<1m,0.4,1.1101494665305989,1.775373666326497,0.7101494665305988,p05,"Measuring from the closest point of each object, what is the distance between the bed and the chair (in meters)?"
719,large_overestimate,<1m,0.7,1.2152030628776282,0.7360043755394691,0.5152030628776283,p25,"Measuring from the closest point of each object, what is the distance between the bed and the heater (in meters)?"
720,large_underestimate,1-3m,2.1,0.9831032178395279,-0.5318556105526058,1.116896782160472,p90,"Measuring from the closest point of each object, what is the distance between the ceiling light and the chair (in meters)?"
723,large_underestimate,1-3m,2.3,1.0626354477133055,-0.5379845879507367,1.2373645522866943,p90,"Measuring from the closest point of each object, what is the distance between the cup and the heater (in meters)?"
724,large_overestimate,<1m,0.9,2.009731295921313,1.2330347732459035,1.1097312959213133,median,"Measuring from the closest point of each object, what is the distance between the trash can and the keyboard (in meters)?"
727,large_overestimate,<1m,0.8,1.3190039464649133,0.6487549330811415,0.5190039464649132,median,"Measuring from the closest point of each object, what is the distance between the keyboard and the computer mouse (in meters)?"
728,large_underestimate,>=3m,4.9,1.5128377380480427,-0.6912576044799914,3.387162261951958,p90,"Measuring from the closest point of each object, what is the distance between the bowl and the keyboard (in meters)?"
729,large_underestimate,>=3m,3.2,1.2789114030175386,-0.6003401865570193,1.9210885969824616,p90,"Measuring from the closest point of each object, what is the distance between the bed and the sofa (in meters)?"
731,large_underestimate,>=3m,5.8,1.178979385948154,-0.7967276920779044,4.6210206140518455,p90,"Measuring from the closest point of each object, what is the distance between the cutting board and the bed (in meters)?"
732,large_underestimate,>=3m,12.6,1.605235860120111,-0.872600328561896,10.994764139879889,p90,"Measuring from the closest point of each object, what is the distance between the whiteboard and the trash can (in meters)?"
733,large_underestimate,>=3m,11.3,1.8562677308709266,-0.8357285193919534,9.443732269129073,p90,"Measuring from the closest point of each object, what is the distance between the table lamp and the kettle (in meters)?"
734,large_underestimate,>=3m,7.9,1.3105889163374858,-0.8341026688180397,6.589411083662514,p90,"Measuring from the closest point of each object, what is the distance between the printer and the door (in meters)?"
735,large_underestimate,>=3m,8.4,1.4294518618430583,-0.8298271593043978,6.970548138156942,p90,"Measuring from the closest point of each object, what is the distance between the telephone and the door (in meters)?"
736,large_underestimate,>=3m,8.3,1.0679302108517081,-0.8713337095359388,7.232069789148293,p90,"Measuring from the closest point of each object, what is the distance between the kettle and the door (in meters)?"
737,large_overestimate,<1m,0.4,1.2726788744653261,2.181697186163315,0.8726788744653261,p05,"Measuring from the closest point of each object, what is the distance between the laptop and the heater (in meters)?"
738,large_underestimate,>=3m,4.3,1.053242944549803,-0.7550597803372552,3.246757055450197,p90,"Measuring from the closest point of each object, what is the distance between the shoes and the door (in meters)?"
739,large_underestimate,>=3m,3.7,1.545807879593048,-0.5822140865964736,2.154192120406952,p90,"Measuring from the closest point of each object, what is the distance between the whiteboard and the telephone (in meters)?"
740,large_underestimate,>=3m,3.9,1.1268777494869513,-0.7110569873110381,2.7731222505130484,p90,"Measuring from the closest point of each object, what is the distance between the suitcase and the tv (in meters)?"
741,large_underestimate,>=3m,8.1,2.6876941045014817,-0.6681859130245084,5.412305895498518,p90,"Measuring from the closest point of each object, what is the distance between the door and the clock (in meters)?"
742,large_underestimate,>=3m,7.9,2.6086282634533857,-0.669793890702103,5.291371736546615,p90,"Measuring from the closest point of each object, what is the distance between the door and the whiteboard (in meters)?"
744,large_overestimate,1-3m,1.0,2.042521203706031,1.042521203706031,1.042521203706031,p75,"Measuring from the closest point of each object, what is the distance between the sofa and the chair (in meters)?"
745,large_overestimate,<1m,0.5,1.0756970957619267,1.1513941915238535,0.5756970957619267,p25,"Measuring from the closest point of each object, what is the distance between the bed and the chair (in meters)?"
746,large_underestimate,>=3m,9.3,1.7042924352231537,-0.8167427489007362,7.595707564776847,p90,"Measuring from the closest point of each object, what is the distance between the telephone and the tv (in meters)?"
747,large_underestimate,>=3m,9.1,1.1292880978052446,-0.8759024068345885,7.970711902194755,p90,"Measuring from the closest point of each object, what is the distance between the basket and the cutting board (in meters)?"
748,large_underestimate,>=3m,10.2,1.0109650747243641,-0.9008857769878075,9.189034925275635,p90,"Measuring from the closest point of each object, what is the distance between the laptop and the crate (in meters)?"
749,large_underestimate,>=3m,5.3,0.965232679564658,-0.8178806264972343,4.334767320435342,p90,"Measuring from the closest point of each object, what is the distance between the cutting board and the bed (in meters)?"
751,large_overestimate,<1m,0.5,1.3689929299907877,1.7379858599815754,0.8689929299907877,min,"Measuring from the closest point of each object, what is the distance between the heater and the table (in meters)?"
2070,large_underestimate,>=3m,4.0,1.7940119517034492,-0.5514970120741377,2.205988048296551,p90,"Measuring from the closest point of each object, what is the distance between the washing machine and the refrigerator (in meters)?"
2071,large_underestimate,1-3m,2.6,1.2983305027776748,-0.5006421143162789,1.3016694972223253,p90,"Measuring from the closest point of each object, what is the distance between the radiator and the chair (in meters)?"
2072,large_overestimate,<1m,0.4,0.9623062165165256,1.405765541291314,0.5623062165165256,p10,"Measuring from the closest point of each object, what is the distance between the microwave and the counter (in meters)?"
2073,large_overestimate,<1m,0.7,1.9568124607040935,1.7954463724344196,1.2568124607040936,p25,"Measuring from the closest point of each object, what is the distance between the door and the counter (in meters)?"
2075,large_overestimate,<1m,0.5,1.685745967163872,2.371491934327744,1.185745967163872,p25,"Measuring from the closest point of each object, what is the distance between the door and the closet (in meters)?"
2080,large_overestimate,<1m,0.7,2.215587813502665,2.1651254478609503,1.515587813502665,p25,"Measuring from the closest point of each object, what is the distance between the door and the window (in meters)?"
2082,large_underestimate,1-3m,2.9,1.4197839639567338,-0.5104193227735401,1.4802160360432661,p90,"Measuring from the closest point of each object, what is the distance between the tv and the window (in meters)?"
2084,large_overestimate,<1m,0.5,1.4566716062533496,1.9133432125066991,0.9566716062533496,median,"Measuring from the closest point of each object, what is the distance between the radiator and the bed (in meters)?"
2089,large_overestimate,<1m,0.8,1.2425150729640073,0.553143841205009,0.44251507296400727,p25,"Measuring from the closest point of each object, what is the distance between the backpack and the towel (in meters)?"
2100,large_overestimate,<1m,0.4,1.4441345240171455,2.610336310042863,1.0441345240171453,min,"Measuring from the closest point of each object, what is the distance between the backpack and the bed (in meters)?"
2101,large_overestimate,1-3m,1.3,1.9557261246049225,0.5044047112345557,0.6557261246049224,median,"Measuring from the closest point of each object, what is the distance between the mirror and the bed (in meters)?"
2102,large_overestimate,<1m,0.8,1.6873807477150982,1.1092259346438726,0.8873807477150981,min,"Measuring from the closest point of each object, what is the distance between the lamp and the window (in meters)?"
2103,large_overestimate,<1m,0.4,1.3295117379755825,2.323779344938956,0.9295117379755825,p10,"Measuring from the closest point of each object, what is the distance between the window and the chair (in meters)?"
2105,large_overestimate,<1m,0.5,1.2105776790749523,1.4211553581499046,0.7105776790749523,median,"Measuring from the closest point of each object, what is the distance between the pillow and the window (in meters)?"
2109,large_overestimate,1-3m,1.1,1.8552867717473682,0.6866243379521528,0.7552867717473681,median,"Measuring from the closest point of each object, what is the distance between the door and the keyboard (in meters)?"
2110,large_underestimate,>=3m,4.7,1.2711911341973814,-0.7295338012345998,3.428808865802619,p90,"Measuring from the closest point of each object, what is the distance between the nightstand and the sofa (in meters)?"
2111,large_underestimate,>=3m,3.6,1.0716519563875846,-0.7023189010034486,2.5283480436124153,p90,"Measuring from the closest point of each object, what is the distance between the nightstand and the towel (in meters)?"
2112,large_underestimate,1-3m,2.4,1.1827794750734566,-0.5071752187193931,1.2172205249265433,p90,"Measuring from the closest point of each object, what is the distance between the telephone and the tv (in meters)?"
2113,large_underestimate,>=3m,4.3,1.230651530078828,-0.7138019697491098,3.069348469921172,p90,"Measuring from the closest point of each object, what is the distance between the backpack and the tv (in meters)?"
2116,large_underestimate,>=3m,3.5,1.0550755762826924,-0.6985498353478022,2.444924423717308,p90,"Measuring from the closest point of each object, what is the distance between the counter and the sofa (in meters)?"
2120,large_underestimate,>=3m,4.5,1.6160402551192208,-0.6408799433068398,2.883959744880779,p90,"Measuring from the closest point of each object, what is the distance between the door and the clock (in meters)?"
2121,large_overestimate,<1m,0.5,1.3177890960153502,1.6355781920307004,0.8177890960153502,p10,"Measuring from the closest point of each object, what is the distance between the chair and the bed (in meters)?"
2125,large_overestimate,<1m,0.5,1.1709576121433094,1.3419152242866188,0.6709576121433094,p10,"Measuring from the closest point of each object, what is the distance between the table and the bed (in meters)?"
2127,large_overestimate,<1m,0.5,0.8555715235096905,0.7111430470193809,0.35557152350969046,p05,"Measuring from the closest point of each object, what is the distance between the telephone and the chair (in meters)?"
2128,large_underestimate,1-3m,2.5,1.0737498188168584,-0.5705000724732566,1.4262501811831416,p90,"Measuring from the closest point of each object, what is the distance between the door and the telephone (in meters)?"
2129,large_overestimate,<1m,0.8,1.7896009092809604,1.2370011366012004,0.9896009092809603,median,"Measuring from the closest point of each object, what is the distance between the towel and the window (in meters)?"
2133,large_overestimate,<1m,0.4,1.337330895681592,2.3433272392039797,0.9373308956815919,p05,"Measuring from the closest point of each object, what is the distance between the backpack and the pillow (in meters)?"
2134,large_overestimate,<1m,0.7,1.8274465407556573,1.6106379153652248,1.1274465407556573,p10,"Measuring from the closest point of each object, what is the distance between the trash bin and the lamp (in meters)?"
2135,large_underestimate,>=3m,4.2,1.685458364492928,-0.5987003894064458,2.514541635507072,p90,"Measuring from the closest point of each object, what is the distance between the radiator and the mattress (in meters)?"
2136,large_underestimate,>=3m,4.2,1.491123774485934,-0.6449705298843015,2.708876225514066,p90,"Measuring from the closest point of each object, what is the distance between the door and the sofa (in meters)?"
2137,large_underestimate,>=3m,5.3,2.0130967717649972,-0.6201704204216987,3.2869032282350026,p90,"Measuring from the closest point of each object, what is the distance between the door and the radiator (in meters)?"
2138,large_overestimate,<1m,0.7,1.9816400476179101,1.8309143537398718,1.2816400476179102,p05,"Measuring from the closest point of each object, what is the distance between the trash bin and the mirror (in meters)?"
2141,large_underestimate,1-3m,2.9,1.1039308978222253,-0.6193341731647499,1.7960691021777746,p90,"Measuring from the closest point of each object, what is the distance between the nightstand and the chair (in meters)?"
2142,large_underestimate,>=3m,3.9,1.5645025038482037,-0.598845511833794,2.3354974961517962,p90,"Measuring from the closest point of each object, what is the distance between the closet and the nightstand (in meters)?"
2147,large_overestimate,<1m,0.7,1.096099427248109,0.5658563246401559,0.3960994272481091,p25,"Measuring from the closest point of each object, what is the distance between the table and the backpack (in meters)?"
2150,large_underestimate,1-3m,2.3,0.8529299083119505,-0.6291609094295867,1.4470700916880492,p90,"Measuring from the closest point of each object, what is the distance between the table and the printer (in meters)?"
2154,large_underestimate,>=3m,4.6,1.3249337384351507,-0.7119709264271411,3.2750662615648487,p90,"Measuring from the closest point of each object, what is the distance between the door and the backpack (in meters)?"
2156,large_overestimate,1-3m,1.2,2.1367888083256563,0.7806573402713803,0.9367888083256564,median,"Measuring from the closest point of each object, what is the distance between the mirror and the window (in meters)?"
2157,large_overestimate,<1m,0.7,1.532354315184632,1.189077593120903,0.832354315184632,p25,"Measuring from the closest point of each object, what is the distance between the mirror and the towel (in meters)?"
2158,large_overestimate,<1m,0.8,1.5501237886060166,0.9376547357575207,0.7501237886060166,p25,"Measuring from the closest point of each object, what is the distance between the door and the window (in meters)?"
2159,large_overestimate,<1m,0.9,2.51237645945264,1.7915293993918224,1.6123764594526402,min,"Measuring from the closest point of each object, what is the distance between the door and the towel (in meters)?"
2160,large_overestimate,1-3m,1.0,2.075787969829407,1.075787969829407,1.075787969829407,median,"Measuring from the closest point of each object, what is the distance between the printer and the refrigerator (in meters)?"
2164,large_underestimate,>=3m,3.7,1.6217834854560111,-0.5616801390659429,2.078216514543989,p90,"Measuring from the closest point of each object, what is the distance between the backpack and the bookshelf (in meters)?"
2165,large_underestimate,1-3m,1.5,0.7241494759571967,-0.5172336826952022,0.7758505240428033,p90,"Measuring from the closest point of each object, what is the distance between the backpack and the tv (in meters)?"
2166,large_overestimate,<1m,0.7,1.4604611779105183,1.0863731113007407,0.7604611779105184,median,"Measuring from the closest point of each object, what is the distance between the radiator and the mirror (in meters)?"
2171,large_underestimate,1-3m,2.4,1.1257196502760296,-0.530950145718321,1.2742803497239703,p90,"Measuring from the closest point of each object, what is the distance between the bookshelf and the sofa (in meters)?"
2172,large_underestimate,>=3m,5.4,1.7324812068814694,-0.6791701468738021,3.667518793118531,p90,"Measuring from the closest point of each object, what is the distance between the tv and the bookshelf (in meters)?"
2173,large_underestimate,>=3m,3.6,1.7132493081078197,-0.5240974144144945,1.8867506918921804,p90,"Measuring from the closest point of each object, what is the distance between the radiator and the sofa (in meters)?"
2174,large_underestimate,>=3m,5.7,1.7067871707630504,-0.7005636542520964,3.99321282923695,p90,"Measuring from the closest point of each object, what is the distance between the radiator and the bookshelf (in meters)?"
2178,large_overestimate,<1m,0.9,1.4348851037522223,0.5943167819469136,0.5348851037522223,median,"Measuring from the closest point of each object, what is the distance between the mirror and the window (in meters)?"
2180,large_overestimate,<1m,0.5,1.1123237323364594,1.2246474646729189,0.6123237323364594,p25,"Measuring from the closest point of each object, what is the distance between the mirror and the bed (in meters)?"
2182,large_overestimate,<1m,0.5,1.8740900182188271,2.7481800364376543,1.3740900182188271,p05,"Measuring from the closest point of each object, what is the distance between the backpack and the window (in meters)?"
2184,large_underestimate,>=3m,4.3,1.661099525607966,-0.6136977847423334,2.6389004743920337,p90,"Measuring from the closest point of each object, what is the distance between the table and the printer (in meters)?"
2185,large_underestimate,>=3m,3.0,1.4626915361739319,-0.5124361546086894,1.5373084638260681,p90,"Measuring from the closest point of each object, what is the distance between the door and the printer (in meters)?"
2186,large_overestimate,<1m,0.8,1.6277897017610372,1.0347371272012964,0.8277897017610372,median,"Measuring from the closest point of each object, what is the distance between the guitar and the window (in meters)?"
2192,large_underestimate,>=3m,5.5,2.0691070033286456,-0.623798726667519,3.4308929966713544,p90,"Measuring from the closest point of each object, what is the distance between the door and the clock (in meters)?"
2198,large_underestimate,>=3m,4.2,1.8146868747332916,-0.5679316964920734,2.3853131252667086,p90,"Measuring from the closest point of each object, what is the distance between the mirror and the lamp (in meters)?"
2199,large_underestimate,>=3m,3.8,0.8393756335307,-0.7791116753866579,2.9606243664693,p90,"Measuring from the closest point of each object, what is the distance between the towel and the lamp (in meters)?"
2204,large_overestimate,<1m,0.5,1.3113671849211,1.6227343698421999,0.8113671849210999,median,"Measuring from the closest point of each object, what is the distance between the table and the counter (in meters)?"
2205,large_underestimate,>=3m,4.4,1.996843017895277,-0.5461720413874371,2.4031569821047234,p90,"Measuring from the closest point of each object, what is the distance between the plant and the window (in meters)?"
2208,large_overestimate,<1m,0.5,1.5909470714809983,2.1818941429619967,1.0909470714809983,p05,"Measuring from the closest point of each object, what is the distance between the table and the window (in meters)?"
2210,large_overestimate,<1m,0.7,1.8695654060817852,1.670807722973979,1.1695654060817853,p25,"Measuring from the closest point of each object, what is the distance between the lamp and the pillow (in meters)?"
2219,large_overestimate,<1m,0.8,1.983817558603891,1.4797719482548637,1.183817558603891,p05,"Measuring from the closest point of each object, what is the distance between the microwave and the towel (in meters)?"
2224,large_overestimate,<1m,0.5,1.0504863525769859,1.1009727051539717,0.5504863525769859,p10,"Measuring from the closest point of each object, what is the distance between the table and the bed (in meters)?"
2225,large_underestimate,>=3m,4.1,1.5300492221977189,-0.6268172628786051,2.5699507778022808,p90,"Measuring from the closest point of each object, what is the distance between the door and the backpack (in meters)?"
2227,large_underestimate,>=3m,3.6,1.5616990577521124,-0.5661947061799688,2.0383009422478877,p90,"Measuring from the closest point of each object, what is the distance between the microwave and the sofa (in meters)?"
2228,large_underestimate,>=3m,5.3,1.669143351272049,-0.6850672922128209,3.630856648727951,p90,"Measuring from the closest point of each object, what is the distance between the printer and the refrigerator (in meters)?"
2229,large_overestimate,<1m,0.4,1.2764616413786765,2.191154103446691,0.8764616413786764,p25,"Measuring from the closest point of each object, what is the distance between the refrigerator and the counter (in meters)?"
2231,large_underestimate,>=3m,5.8,1.6354785456466765,-0.7180209404057455,4.1645214543533235,p90,"Measuring from the closest point of each object, what is the distance between the radiator and the microwave (in meters)?"
2235,large_overestimate,<1m,0.4,0.9132113917792704,1.2830284794481757,0.5132113917792703,p25,"Measuring from the closest point of each object, what is the distance between the nightstand and the lamp (in meters)?"
2237,large_underestimate,>=3m,3.2,1.520277946809483,-0.5249131416220366,1.6797220531905173,p90,"Measuring from the closest point of each object, what is the distance between the radiator and the nightstand (in meters)?"
2238,large_overestimate,<1m,0.5,0.7734897684124258,0.5469795368248516,0.2734897684124258,median,"Measuring from the closest point of each object, what is the distance between the radiator and the fan (in meters)?"
2240,large_overestimate,1-3m,1.0,1.7078021401796715,0.7078021401796715,0.7078021401796715,median,"Measuring from the closest point of each object, what is the distance between the door and the refrigerator (in meters)?"
2242,large_underestimate,>=3m,4.4,1.5831053581211503,-0.6402033276997386,2.81689464187885,p90,"Measuring from the closest point of each object, what is the distance between the microwave and the plant (in meters)?"
2813,large_underestimate,1-3m,2.9,1.194194002206895,-0.5882089647562431,1.7058059977931048,p90,"Measuring from the closest point of each object, what is the distance between the sofa and the stove (in meters)?"
2817,large_overestimate,<1m,0.4,1.8215764063399953,3.5539410158499884,1.4215764063399954,p05,"Measuring from the closest point of each object, what is the distance between the toilet and the bathtub (in meters)?"
2819,large_overestimate,<1m,0.4,1.0907376431679525,1.726844107919881,0.6907376431679525,p10,"Measuring from the closest point of each object, what is the distance between the toilet and the bathtub (in meters)?"
2823,large_underestimate,1-3m,2.5,1.0558684204636064,-0.5776526318145574,1.4441315795363936,p90,"Measuring from the closest point of each object, what is the distance between the refrigerator and the stove (in meters)?"
2826,large_underestimate,>=3m,4.4,1.2235666183273868,-0.7219166776528667,3.176433381672614,p90,"Measuring from the closest point of each object, what is the distance between the stove and the tv (in meters)?"
2827,large_underestimate,1-3m,2.4,0.9697921840225978,-0.5959199233239175,1.430207815977402,p90,"Measuring from the closest point of each object, what is the distance between the refrigerator and the toilet (in meters)?"
2834,large_overestimate,<1m,0.7,2.2679388308372,2.2399126154817144,1.5679388308372,p25,"Measuring from the closest point of each object, what is the distance between the tv and the bed (in meters)?"
2835,large_underestimate,1-3m,1.9,0.9014198665059159,-0.5255684913126758,0.998580133494084,p90,"Measuring from the closest point of each object, what is the distance between the table and the bed (in meters)?"
2837,large_underestimate,1-3m,2.4,0.9503599379115424,-0.6040166925368573,1.4496400620884575,p90,"Measuring from the closest point of each object, what is the distance between the tv and the sofa (in meters)?"
2840,large_underestimate,>=3m,4.7,1.1000474300306868,-0.7659473553126199,3.5999525699693136,p90,"Measuring from the closest point of each object, what is the distance between the tv and the stove (in meters)?"
2841,large_underestimate,>=3m,3.2,1.1226457227152356,-0.6491732116514889,2.0773542772847646,p90,"Measuring from the closest point of each object, what is the distance between the stool and the tv (in meters)?"
2847,large_overestimate,1-3m,1.0,1.7759743894211233,0.7759743894211233,0.7759743894211233,median,"Measuring from the closest point of each object, what is the distance between the bathtub and the toilet (in meters)?"
2852,large_underestimate,1-3m,2.7,1.2167222170392273,-0.5493621418373232,1.4832777829607728,p90,"Measuring from the closest point of each object, what is the distance between the tv and the stool (in meters)?"
2853,large_overestimate,<1m,0.7,1.2541002126379395,0.7915717323399136,0.5541002126379395,median,"Measuring from the closest point of each object, what is the distance between the bathtub and the toilet (in meters)?"
2854,large_underestimate,1-3m,2.1,0.947509147956584,-0.5488051676397219,1.152490852043416,p90,"Measuring from the closest point of each object, what is the distance between the stove and the refrigerator (in meters)?"
2860,large_underestimate,>=3m,3.4,1.4041927823819396,-0.5870021228288413,1.9958072176180603,p90,"Measuring from the closest point of each object, what is the distance between the tv and the table (in meters)?"
2861,large_underestimate,>=3m,3.3,1.6056004300324918,-0.5134544151416691,1.694399569967508,p90,"Measuring from the closest point of each object, what is the distance between the tv and the stool (in meters)?"
2863,large_underestimate,>=3m,3.2,0.8244946257287108,-0.7423454294597779,2.3755053742712895,p90,"Measuring from the closest point of each object, what is the distance between the tv and the sofa (in meters)?"
2864,large_underestimate,>=3m,4.8,1.32130921222443,-0.7247272474532437,3.4786907877755695,p90,"Measuring from the closest point of each object, what is the distance between the stove and the tv (in meters)?"
2865,large_underestimate,1-3m,2.1,1.0310002810083578,-0.5090474852341154,1.0689997189916423,p90,"Measuring from the closest point of each object, what is the distance between the chair and the bed (in meters)?"
2866,large_overestimate,<1m,0.4,1.3305584483715287,2.3263961209288215,0.9305584483715287,min,"Measuring from the closest point of each object, what is the distance between the toilet and the bathtub (in meters)?"
2871,large_underestimate,>=3m,4.4,1.447295314139232,-0.6710692467865382,2.9527046858607684,p90,"Measuring from the closest point of each object, what is the distance between the stove and the tv (in meters)?"
2872,large_underestimate,>=3m,3.6,1.7382776947568268,-0.5171450847897704,1.8617223052431733,p90,"Measuring from the closest point of each object, what is the distance between the sofa and the tv (in meters)?"
2873,large_underestimate,>=3m,4.0,1.3849932487891843,-0.6537516878027039,2.6150067512108155,p90,"Measuring from the closest point of each object, what is the distance between the stool and the tv (in meters)?"
2883,large_underestimate,1-3m,2.0,0.9142396799322604,-0.5428801600338697,1.0857603200677395,p90,"Measuring from the closest point of each object, what is the distance between the stove and the table (in meters)?"
2886,large_underestimate,1-3m,2.5,0.3782122232625908,-0.8487151106949637,2.1217877767374094,p90,"Measuring from the closest point of each object, what is the distance between the table and the tv (in meters)?"
2890,large_underestimate,1-3m,2.6,1.1840756929436487,-0.5445862719447505,1.4159243070563514,p90,"Measuring from the closest point of each object, what is the distance between the tv and the stove (in meters)?"
2891,large_underestimate,1-3m,1.8,0.887926647109698,-0.50670741827239,0.912073352890302,p90,"Measuring from the closest point of each object, what is the distance between the table and the stove (in meters)?"
2899,large_underestimate,1-3m,1.4,0.5273153302013152,-0.6233461927133462,0.8726846697986848,p90,"Measuring from the closest point of each object, what is the distance between the stool and the tv (in meters)?"
2900,large_underestimate,1-3m,2.4,0.7496725155027038,-0.6876364518738735,1.6503274844972962,p90,"Measuring from the closest point of each object, what is the distance between the tv and the table (in meters)?"
2901,large_underestimate,1-3m,2.5,1.1187418799985316,-0.5525032480005874,1.3812581200014684,p90,"Measuring from the closest point of each object, what is the distance between the stool and the table (in meters)?"
2903,large_overestimate,<1m,0.4,1.225879579218014,2.064698948045035,0.8258795792180139,p05,"Measuring from the closest point of each object, what is the distance between the toilet and the bathtub (in meters)?"
2910,large_overestimate,1-3m,1.0,1.720125696523013,0.720125696523013,0.720125696523013,median,"Measuring from the closest point of each object, what is the distance between the tv and the bed (in meters)?"
2913,large_underestimate,>=3m,3.0,1.1726758729112323,-0.6091080423629226,1.8273241270887677,p90,"Measuring from the closest point of each object, what is the distance between the bed and the dishwasher (in meters)?"
2919,large_overestimate,<1m,0.8,1.5673524190556538,0.9591905238195672,0.7673524190556538,p25,"Measuring from the closest point of each object, what is the distance between the tv and the bed (in meters)?"
2923,large_overestimate,<1m,0.8,2.9953325314921155,2.7441656643651444,2.1953325314921157,p25,"Measuring from the closest point of each object, what is the distance between the stove and the refrigerator (in meters)?"
2924,large_overestimate,1-3m,1.0,1.9251328055650814,0.9251328055650814,0.9251328055650814,median,"Measuring from the closest point of each object, what is the distance between the table and the refrigerator (in meters)?"
2928,large_underestimate,>=3m,4.5,2.2461900088822015,-0.5008466646928441,2.2538099911177985,p90,"Measuring from the closest point of each object, what is the distance between the stove and the tv (in meters)?"
2934,large_overestimate,1-3m,1.6,2.480158714885444,0.5500991968034025,0.880158714885444,median,"Measuring from the closest point of each object, what is the distance between the sofa and the bathtub (in meters)?"
2936,large_overestimate,<1m,0.7,1.420544433510227,1.0293491907288959,0.7205444335102271,median,"Measuring from the closest point of each object, what is the distance between the chair and the bed (in meters)?"
2940,large_overestimate,<1m,0.5,1.0674555578224894,1.1349111156449787,0.5674555578224894,p25,"Measuring from the closest point of each object, what is the distance between the bathtub and the toilet (in meters)?"
2943,large_underestimate,>=3m,3.4,1.3073775589626684,-0.6154771885403917,2.0926224410373315,p90,"Measuring from the closest point of each object, what is the distance between the stove and the tv (in meters)?"
2946,large_underestimate,1-3m,2.5,0.6837833938997985,-0.7264866424400805,1.8162166061002014,p90,"Measuring from the closest point of each object, what is the distance between the tv and the bed (in meters)?"
2947,large_underestimate,>=3m,3.2,1.4380190314458738,-0.5506190526731645,1.7619809685541263,p90,"Measuring from the closest point of each object, what is the distance between the tv and the stool (in meters)?"
2951,large_underestimate,>=3m,3.2,1.5987702432200666,-0.5003842989937293,1.6012297567799336,p90,"Measuring from the closest point of each object, what is the distance between the stool and the tv (in meters)?"
2952,large_underestimate,>=3m,5.3,2.0897921117204947,-0.6056996015621708,3.210207888279505,p90,"Measuring from the closest point of each object, what is the distance between the stove and the tv (in meters)?"
3322,large_underestimate,1-3m,2.9,1.2547432796458216,-0.5673299035704064,1.6452567203541784,p90,"Measuring from the closest point of each object, what is the distance between the laptop and the suitcase (in meters)?"
3327,large_underestimate,>=3m,3.7,1.6899614777001017,-0.5432536546756481,2.010038522299898,p90,"Measuring from the closest point of each object, what is the distance between the laptop and the door (in meters)?"
3333,large_underestimate,1-3m,1.7,0.7308637075190128,-0.5700801720476395,0.9691362924809872,p90,"Measuring from the closest point of each object, what is the distance between the computer mouse and the ceiling light (in meters)?"
3335,large_underestimate,1-3m,1.7,0.7325202324865415,-0.569105745596152,0.9674797675134584,p90,"Measuring from the closest point of each object, what is the distance between the keyboard and the ceiling light (in meters)?"
3338,large_underestimate,>=3m,3.1,0.7128521472933455,-0.7700476944215016,2.3871478527066547,p90,"Measuring from the closest point of each object, what is the distance between the keyboard and the computer tower (in meters)?"
3342,large_underestimate,1-3m,1.0,0.4343955704434673,-0.5656044295565327,0.5656044295565327,p90,"Measuring from the closest point of each object, what is the distance between the computer mouse and the telephone (in meters)?"
3353,large_underestimate,>=3m,3.2,1.5108692961490304,-0.5278533449534281,1.6891307038509698,p90,"Measuring from the closest point of each object, what is the distance between the crate and the heater (in meters)?"
3367,large_underestimate,1-3m,2.8,1.0365871832266729,-0.6297902917047596,1.763412816773327,p90,"Measuring from the closest point of each object, what is the distance between the tv and the basket (in meters)?"
3375,large_underestimate,1-3m,1.6,0.6980081994989716,-0.5637448753131428,0.9019918005010285,p90,"Measuring from the closest point of each object, what is the distance between the ceiling light and the pillow (in meters)?"
3376,large_underestimate,1-3m,2.1,0.9586128966161467,-0.5435176682780254,1.1413871033838534,p90,"Measuring from the closest point of each object, what is the distance between the plant and the heater (in meters)?"
3377,large_underestimate,>=3m,3.4,1.1182523218211609,-0.6711022582878938,2.281747678178839,p90,"Measuring from the closest point of each object, what is the distance between the microwave and the power strip (in meters)?"
3378,large_underestimate,1-3m,1.6,0.5978684250704958,-0.6263322343309402,1.0021315749295043,p90,"Measuring from the closest point of each object, what is the distance between the plant and the bookshelf (in meters)?"
3381,large_underestimate,1-3m,2.7,1.1408089465639648,-0.5774781679392723,1.5591910534360354,p90,"Measuring from the closest point of each object, what is the distance between the keyboard and the cutting board (in meters)?"
3385,large_underestimate,>=3m,3.1,0.8217812234066927,-0.7349092827720346,2.2782187765933073,p90,"Measuring from the closest point of each object, what is the distance between the tv and the refrigerator (in meters)?"
3389,large_underestimate,1-3m,2.5,0.3861392039930293,-0.8455443184027883,2.113860796006971,p90,"Measuring from the closest point of each object, what is the distance between the telephone and the kettle (in meters)?"
3393,large_underestimate,>=3m,3.7,1.4714876922944178,-0.6023006237042113,2.228512307705582,p90,"Measuring from the closest point of each object, what is the distance between the laptop and the door (in meters)?"
3394,large_underestimate,1-3m,1.8,0.5299517536523972,-0.7055823590820015,1.2700482463476028,p90,"Measuring from the closest point of each object, what is the distance between the kettle and the suitcase (in meters)?"
3396,large_underestimate,1-3m,1.8,0.8542034411079201,-0.5254425327178222,0.9457965588920799,p90,"Measuring from the closest point of each object, what is the distance between the cutting board and the suitcase (in meters)?"
3399,large_underestimate,1-3m,1.7,0.6945232465795674,-0.591456913776725,1.0054767534204325,p90,"Measuring from the closest point of each object, what is the distance between the microwave and the cutting board (in meters)?"
3405,large_overestimate,1-3m,1.4,2.9037685895982626,1.0741204211416162,1.5037685895982627,median,"Measuring from the closest point of each object, what is the distance between the laptop and the tv (in meters)?"
3410,large_underestimate,1-3m,2.2,0.9816676372016677,-0.5537874376356057,1.2183323627983325,p90,"Measuring from the closest point of each object, what is the distance between the ceiling light and the trash can (in meters)?"
4890,large_underestimate,>=3m,3.2,1.444967148691421,-0.548447766033931,1.7550328513085791,p90,"Measuring from the closest point of each object, what is the distance between the door and the backpack (in meters)?"
4892,large_underestimate,>=3m,3.0,1.2702794612218762,-0.5765735129260413,1.7297205387781238,p90,"Measuring from the closest point of each object, what is the distance between the radiator and the refrigerator (in meters)?"
4897,large_underestimate,1-3m,1.9,0.8892565501177927,-0.5319702367801091,1.0107434498822072,p90,"Measuring from the closest point of each object, what is the distance between the refrigerator and the window (in meters)?"
4898,large_underestimate,1-3m,1.7,0.7549722401931684,-0.5558986822393127,0.9450277598068315,p90,"Measuring from the closest point of each object, what is the distance between the microwave and the window (in meters)?"
4903,large_overestimate,1-3m,1.4,2.2684445561013713,0.6203175400724081,0.8684445561013714,p75,"Measuring from the closest point of each object, what is the distance between the closet and the refrigerator (in meters)?"
4905,large_overestimate,<1m,0.9,1.546100430535319,0.7178893672614655,0.646100430535319,p75,"Measuring from the closest point of each object, what is the distance between the table and the tv (in meters)?"
4908,large_overestimate,<1m,0.8,2.332251991819575,1.9153149897744688,1.5322519918195752,p25,"Measuring from the closest point of each object, what is the distance between the table and the bed (in meters)?"
4917,large_overestimate,1-3m,1.0,1.5899691687114144,0.5899691687114144,0.5899691687114144,p75,"Measuring from the closest point of each object, what is the distance between the chair and the bed (in meters)?"
4918,large_overestimate,<1m,0.9,1.8475030733567641,1.0527811926186268,0.9475030733567641,median,"Measuring from the closest point of each object, what is the distance between the mirror and the chair (in meters)?"
4920,large_underestimate,1-3m,2.8,1.1705585400004959,-0.5819433785712514,1.629441459999504,p90,"Measuring from the closest point of each object, what is the distance between the clock and the pillow (in meters)?"
4921,large_underestimate,1-3m,2.4,0.909927322630699,-0.620863615570542,1.490072677369301,p90,"Measuring from the closest point of each object, what is the distance between the clock and the chair (in meters)?"
4925,large_underestimate,>=3m,3.1,1.3242750041500952,-0.5728145147902919,1.7757249958499048,p90,"Measuring from the closest point of each object, what is the distance between the nightstand and the tv (in meters)?"
4926,large_underestimate,>=3m,3.4,1.2167412251254546,-0.642134933786631,2.1832587748745453,p90,"Measuring from the closest point of each object, what is the distance between the telephone and the towel (in meters)?"
4927,large_underestimate,>=3m,3.3,1.4725314475612175,-0.5537783492238735,1.8274685524387824,p90,"Measuring from the closest point of each object, what is the distance between the towel and the sofa (in meters)?"
4929,large_underestimate,>=3m,3.3,1.648946475418728,-0.5003192498731127,1.6510535245812719,p90,"Measuring from the closest point of each object, what is the distance between the tv and the chair (in meters)?"
4932,large_overestimate,1-3m,1.0,2.173289192480695,1.173289192480695,1.173289192480695,median,"Measuring from the closest point of each object, what is the distance between the fan and the closet (in meters)?"
4955,large_overestimate,1-3m,1.3,2.48019243790284,0.9078403368483383,1.18019243790284,median,"Measuring from the closest point of each object, what is the distance between the mirror and the closet (in meters)?"
4956,large_overestimate,1-3m,1.0,1.5532045206323633,0.5532045206323633,0.5532045206323633,median,"Measuring from the closest point of each object, what is the distance between the table and the bed (in meters)?"
4957,large_underestimate,1-3m,2.1,1.0179635146847201,-0.5152554691977523,1.08203648531528,p90,"Measuring from the closest point of each object, what is the distance between the closet and the chair (in meters)?"
4962,large_underestimate,>=3m,4.9,2.0101170119807867,-0.589772038371268,2.8898829880192136,p90,"Measuring from the closest point of each object, what is the distance between the door and the window (in meters)?"
4971,large_overestimate,1-3m,1.0,1.9799647110798584,0.9799647110798584,0.9799647110798584,p25,"Measuring from the closest point of each object, what is the distance between the table and the window (in meters)?"
4976,large_overestimate,1-3m,1.3,2.254303768136998,0.7340798216438447,0.9543037681369981,median,"Measuring from the closest point of each object, what is the distance between the door and the mirror (in meters)?"
4990,large_underestimate,>=3m,4.6,2.2460959186399374,-0.5117182785565353,2.3539040813600622,p90,"Measuring from the closest point of each object, what is the distance between the door and the window (in meters)?"
4991,large_overestimate,<1m,0.9,1.44240908390839,0.6026767598982111,0.54240908390839,p75,"Measuring from the closest point of each object, what is the distance between the computer mouse and the window (in meters)?"
4993,large_underestimate,>=3m,3.9,1.833524273398251,-0.5298655709235254,2.066475726601749,p90,"Measuring from the closest point of each object, what is the distance between the door and the backpack (in meters)?"
4996,large_underestimate,1-3m,2.5,1.163018606720116,-0.5347925573119536,1.336981393279884,p90,"Measuring from the closest point of each object, what is the distance between the fan and the sofa (in meters)?"
4997,large_underestimate,>=3m,3.4,1.6838976062615703,-0.5047359981583617,1.7161023937384297,p90,"Measuring from the closest point of each object, what is the distance between the backpack and the printer (in meters)?"
4998,large_underestimate,>=3m,3.4,1.5883512446425259,-0.5328378692227865,1.811648755357474,p90,"Measuring from the closest point of each object, what is the distance between the table and the fan (in meters)?"
5002,large_overestimate,1-3m,1.6,2.5340230786701574,0.5837644241688483,0.9340230786701573,p75,"Measuring from the closest point of each object, what is the distance between the window and the sofa (in meters)?"
5004,large_underestimate,>=3m,3.3,1.5969941551769353,-0.5160623772191105,1.7030058448230645,p90,"Measuring from the closest point of each object, what is the distance between the telephone and the pillow (in meters)?"
5007,large_underestimate,1-3m,2.3,0.49482332535554313,-0.7848594237584595,1.8051766746444566,p90,"Measuring from the closest point of each object, what is the distance between the table and the piano (in meters)?"
5008,large_underestimate,1-3m,2.9,1.1170382431972092,-0.614814398897514,1.7829617568027907,p90,"Measuring from the closest point of each object, what is the distance between the piano and the printer (in meters)?"
5011,large_underestimate,1-3m,2.9,1.3167157063060555,-0.5459601012737739,1.5832842936939444,p90,"Measuring from the closest point of each object, what is the distance between the piano and the lamp (in meters)?"
5022,large_overestimate,1-3m,1.1,1.7253338193419085,0.5684852903108258,0.6253338193419085,median,"Measuring from the closest point of each object, what is the distance between the table and the window (in meters)?"
5024,large_overestimate,1-3m,1.3,2.0090713449742053,0.545439496134004,0.7090713449742052,median,"Measuring from the closest point of each object, what is the distance between the door and the mirror (in meters)?"
5032,large_overestimate,1-3m,1.0,2.120028893112972,1.120028893112972,1.120028893112972,min,"Measuring from the closest point of each object, what is the distance between the backpack and the counter (in meters)?"
5034,large_underestimate,>=3m,3.1,1.4812799783856643,-0.5221677489078502,1.6187200216143358,p90,"Measuring from the closest point of each object, what is the distance between the door and the backpack (in meters)?"
5043,large_underestimate,1-3m,2.5,0.9744711330723428,-0.6102115467710629,1.5255288669276572,p90,"Measuring from the closest point of each object, what is the distance between the fan and the nightstand (in meters)?"
5044,large_underestimate,1-3m,2.1,1.029492928625782,-0.5097652720829611,1.0705070713742182,p90,"Measuring from the closest point of each object, what is the distance between the radiator and the lamp (in meters)?"
5047,large_underestimate,1-3m,2.4,1.0934221209527637,-0.5444074496030151,1.3065778790472362,p90,"Measuring from the closest point of each object, what is the distance between the nightstand and the chair (in meters)?"
5049,large_underestimate,1-3m,2.2,0.7816710096551166,-0.6446949956113107,1.4183289903448837,p90,"Measuring from the closest point of each object, what is the distance between the table and the nightstand (in meters)?"
